,Zipcode,Square Feet,Bedrooms,Bathrooms,Review Scores Rating,Accommodates,Cleaning Fee,Free Parking,Wireless Internet,Cable TV,Prop_encoded,cancel_encoded,Price
0,78704.0,500.0,1.0,1.0,97.0,2.0,25.0,1.0,1.0,1.0,1.0,2.0,85.0
22,78746.0,2800.0,4.0,2.5,99.0,8.0,300.0,1.0,1.0,1.0,1.0,2.0,499.0
108,78741.0,1600.0,1.0,1.5,100.0,4.0,100.0,1.0,1.0,1.0,1.0,0.0,450.0
109,78722.0,900.0,1.0,1.0,80.0,2.0,50.0,1.0,1.0,0.0,1.0,2.0,150.0
122,78702.0,2700.0,3.0,2.0,97.0,8.0,100.0,0.0,1.0,1.0,1.0,2.0,275.0
154,78704.0,1000.0,2.0,1.0,99.0,4.0,80.0,1.0,1.0,1.0,1.0,0.0,160.0
155,78704.0,1600.0,3.0,2.0,100.0,6.0,90.0,1.0,1.0,0.0,1.0,0.0,520.0
171,78704.0,360.0,2.0,1.0,100.0,4.0,75.0,1.0,1.0,1.0,1.0,2.0,230.0
177,78704.0,2100.0,4.0,2.0,100.0,6.0,50.0,1.0,1.0,0.0,1.0,0.0,400.0
342,78703.0,1700.0,3.0,2.0,100.0,6.0,85.0,1.0,1.0,1.0,1.0,2.0,350.0
499,78704.0,0.0,1.0,1.0,97.0,5.0,35.0,1.0,1.0,0.0,1.0,0.0,108.0
502,78704.0,645.0,1.0,2.0,96.0,2.0,75.0,1.0,1.0,0.0,1.0,2.0,109.0
527,78749.0,1175.0,3.0,2.0,98.0,6.0,150.0,1.0,1.0,1.0,1.0,2.0,55.0
549,78722.0,1300.0,3.0,1.0,100.0,10.0,90.0,1.0,1.0,0.0,1.0,2.0,299.0
562,78702.0,240.0,1.0,1.0,90.0,2.0,5.0,1.0,1.0,1.0,1.0,0.0,55.0
648,78704.0,600.0,1.0,1.0,92.0,2.0,85.0,1.0,1.0,0.0,1.0,2.0,110.0
653,78704.0,950.0,2.0,1.0,100.0,4.0,80.0,1.0,1.0,0.0,1.0,0.0,233.0
668,78704.0,1300.0,3.0,2.0,100.0,6.0,75.0,1.0,1.0,1.0,1.0,2.0,749.0
784,60611.0,900.0,1.0,1.0,91.0,4.0,95.0,0.0,1.0,1.0,1.0,2.0,175.0
813,60647.0,1200.0,1.0,1.0,94.0,4.0,20.0,1.0,1.0,0.0,1.0,0.0,65.0
896,2108.0,580.0,1.0,1.0,90.0,3.0,250.0,0.0,1.0,1.0,1.0,2.0,175.0
924,2131.0,200.0,1.0,1.0,93.0,1.0,50.0,0.0,1.0,1.0,1.0,2.0,75.0
1497,10016.0,1250.0,2.0,1.5,96.0,6.0,120.0,0.0,1.0,1.0,1.0,0.0,389.0
1521,11101.0,96.0,1.0,1.0,97.0,2.0,49.0,1.0,1.0,0.0,1.0,2.0,69.0
1537,10002.0,100.0,1.0,1.0,98.0,2.0,50.0,0.0,1.0,0.0,1.0,2.0,115.0
1682,90277.0,176.0,1.0,1.5,97.0,2.0,25.0,0.0,1.0,1.0,1.0,0.0,85.0
1868,91607.0,1500.0,2.0,1.0,100.0,6.0,125.0,1.0,1.0,1.0,1.0,2.0,395.0
2171,90038.0,1615.0,4.0,3.5,98.0,14.0,250.0,1.0,1.0,1.0,1.0,2.0,380.0
2216,90038.0,850.0,2.0,1.0,93.0,6.0,99.0,1.0,1.0,1.0,1.0,0.0,157.0
2405,90066.0,1000.0,2.0,1.0,80.0,5.0,100.0,1.0,1.0,1.0,1.0,2.0,210.0
2508,90019.0,1800.0,3.0,2.0,93.0,7.0,150.0,1.0,1.0,1.0,1.0,2.0,195.0
2539,90065.0,1100.0,2.0,1.0,99.0,4.0,100.0,1.0,1.0,1.0,1.0,2.0,190.0
2728,90048.0,256.0,1.0,1.0,98.0,2.0,50.0,1.0,1.0,1.0,1.0,0.0,87.0
2745,90027.0,1300.0,1.0,1.0,98.0,2.0,35.0,1.0,1.0,1.0,1.0,0.0,70.0
2907,37219.0,1000.0,2.0,2.0,93.0,5.0,103.0,0.0,1.0,1.0,1.0,2.0,134.0
3012,70113.0,1500.0,2.0,2.5,95.0,6.0,200.0,1.0,1.0,0.0,1.0,2.0,690.0
3047,70118.0,300.0,1.0,1.0,95.0,2.0,20.0,0.0,1.0,0.0,1.0,2.0,40.0
3095,11221.0,1400.0,2.0,1.0,94.0,5.0,85.0,0.0,1.0,0.0,1.0,2.0,115.0
3259,11225.0,125.0,1.0,1.0,80.0,2.0,10.0,0.0,1.0,1.0,1.0,0.0,50.0
3527,11238.0,600.0,1.0,1.0,96.0,2.0,75.0,0.0,1.0,1.0,1.0,2.0,140.0
3579,10003.0,1200.0,2.0,1.0,100.0,3.0,100.0,0.0,1.0,0.0,1.0,0.0,299.0
3689,94121.0,400.0,0.0,1.0,84.0,3.0,75.0,0.0,1.0,0.0,1.0,2.0,115.0
3849,92107.0,1200.0,3.0,2.0,89.0,10.0,100.0,0.0,1.0,0.0,1.0,2.0,199.0
3908,94131.0,1400.0,3.0,2.0,90.0,6.0,110.0,0.0,1.0,1.0,1.0,0.0,400.0
3969,98122.0,850.0,2.0,1.0,96.0,6.0,100.0,0.0,1.0,1.0,1.0,2.0,115.0
3970,98122.0,1300.0,3.0,1.0,72.0,8.0,80.0,0.0,1.0,1.0,1.0,2.0,175.0
4021,98102.0,650.0,1.0,1.0,98.0,3.0,75.0,0.0,1.0,0.0,1.0,0.0,155.0
4059,92101.0,1500.0,1.0,1.0,100.0,2.0,50.0,0.0,1.0,0.0,1.0,2.0,125.0
4106,92102.0,350.0,1.0,1.0,95.0,4.0,79.0,0.0,1.0,1.0,1.0,2.0,139.0
4196,92104.0,1400.0,2.0,2.5,99.0,4.0,45.0,0.0,1.0,1.0,1.0,0.0,280.0
4318,94118.0,550.0,1.0,1.0,98.0,5.0,50.0,0.0,1.0,1.0,1.0,2.0,225.0
4340,92122.0,700.0,1.0,1.0,100.0,2.0,150.0,0.0,1.0,1.0,1.0,2.0,100.0
4352,94110.0,500.0,1.0,1.0,93.0,2.0,100.0,0.0,1.0,1.0,1.0,2.0,125.0
4452,94114.0,195.0,1.0,1.0,99.0,2.0,54.0,1.0,1.0,0.0,1.0,0.0,103.0
4576,94110.0,90.0,1.0,1.0,88.0,2.0,25.0,0.0,1.0,0.0,1.0,0.0,72.0
4653,98103.0,2100.0,2.0,2.0,100.0,4.0,100.0,0.0,1.0,0.0,1.0,2.0,200.0
4687,94116.0,538.0,1.0,2.0,100.0,4.0,100.0,1.0,0.0,1.0,1.0,0.0,128.0
4784,97215.0,1000.0,1.0,1.0,99.0,3.0,20.0,1.0,1.0,0.0,1.0,0.0,90.0
4852,20012.0,144.0,1.0,1.5,76.0,2.0,25.0,1.0,1.0,0.0,1.0,0.0,60.0
4877,20003.0,0.0,1.0,1.0,93.0,2.0,5.0,1.0,1.0,0.0,1.0,2.0,65.0
4964,98144.0,1300.0,2.0,2.5,98.0,6.0,110.0,0.0,1.0,1.0,1.0,2.0,196.0
5355,94114.0,1900.0,3.0,2.0,100.0,5.0,100.0,1.0,1.0,0.0,1.0,0.0,250.0
5377,94131.0,750.0,2.0,1.0,96.0,4.0,90.0,0.0,1.0,1.0,1.0,0.0,224.0
5388,94107.0,1700.0,3.0,3.5,74.0,6.0,100.0,1.0,1.0,1.0,1.0,2.0,700.0
5407,94110.0,3.0,0.0,2.0,96.0,1.0,120.0,0.0,1.0,0.0,1.0,2.0,600.0
5514,94102.0,2000.0,3.0,2.0,96.0,8.0,200.0,0.0,1.0,1.0,1.0,2.0,590.0
5639,98103.0,950.0,2.0,1.0,94.0,4.0,80.0,0.0,1.0,1.0,1.0,2.0,225.0
5695,98133.0,350.0,1.0,2.0,93.0,4.0,25.0,0.0,1.0,1.0,1.0,0.0,68.0
5823,20017.0,600.0,1.0,1.0,100.0,2.0,120.0,1.0,1.0,1.0,1.0,0.0,60.0
5890,20001.0,1100.0,1.0,1.0,92.0,6.0,70.0,1.0,1.0,0.0,1.0,0.0,139.0
5953,20001.0,650.0,1.0,1.0,97.0,4.0,75.0,0.0,1.0,0.0,1.0,0.0,89.0
6082,97211.0,350.0,1.0,1.0,94.0,2.0,75.0,1.0,1.0,1.0,1.0,2.0,150.0
6106,94610.0,500.0,0.0,1.0,91.0,2.0,39.0,0.0,1.0,1.0,1.0,2.0,97.0
6110,94608.0,1800.0,1.0,1.0,91.0,2.0,150.0,0.0,1.0,0.0,1.0,2.0,90.0
6124,94611.0,1350.0,3.0,1.0,97.0,7.0,95.0,0.0,1.0,1.0,1.0,2.0,125.0
6391,78704.0,2300.0,4.0,2.0,96.0,16.0,150.0,1.0,1.0,0.0,1.0,2.0,700.0
6398,78722.0,875.0,2.0,1.0,97.0,6.0,60.0,1.0,1.0,0.0,1.0,0.0,125.0
6426,78741.0,200.0,2.0,2.0,98.0,4.0,75.0,1.0,1.0,1.0,1.0,2.0,175.0
6587,78702.0,500.0,1.0,1.0,95.0,2.0,70.0,1.0,1.0,0.0,1.0,2.0,165.0
6789,90036.0,2000.0,2.0,2.0,98.0,4.0,150.0,1.0,1.0,1.0,1.0,2.0,500.0
6822,90020.0,300.0,1.0,1.5,96.0,3.0,20.0,1.0,1.0,0.0,1.0,0.0,69.0
6824,90005.0,260.0,1.0,2.0,78.0,2.0,10.0,1.0,1.0,0.0,1.0,0.0,51.0
6846,90027.0,275.0,0.0,1.0,92.0,2.0,49.0,0.0,1.0,1.0,1.0,2.0,79.0
6875,90004.0,2000.0,1.0,1.5,97.0,2.0,20.0,1.0,1.0,0.0,1.0,2.0,60.0
6908,90066.0,500.0,1.0,1.0,97.0,2.0,35.0,1.0,1.0,0.0,1.0,0.0,115.0
7361,90230.0,2052.0,3.0,3.0,96.0,13.0,125.0,1.0,1.0,1.0,1.0,2.0,299.0
7474,90245.0,1500.0,1.0,1.0,85.0,2.0,10.0,1.0,1.0,0.0,1.0,0.0,48.0
7591,90278.0,10.0,1.0,1.0,99.0,4.0,55.0,1.0,1.0,0.0,1.0,2.0,99.0
7610,90034.0,130.0,1.0,1.0,98.0,2.0,15.0,1.0,1.0,0.0,1.0,0.0,55.0
7677,90064.0,500.0,1.0,1.0,94.0,3.0,75.0,0.0,1.0,0.0,1.0,2.0,109.0
7858,90291.0,1100.0,2.0,2.0,91.0,5.0,120.0,1.0,1.0,1.0,1.0,2.0,248.0
24635,91001.0,620.0,1.0,1.0,95.0,2.0,30.0,1.0,1.0,0.0,1.0,2.0,90.0
24749,90036.0,2000.0,1.0,2.0,83.0,2.0,35.0,0.0,1.0,1.0,1.0,0.0,65.0
24763,90046.0,3000.0,4.0,3.0,99.0,8.0,285.0,1.0,1.0,1.0,1.0,2.0,925.0
25088,91202.0,1050.0,1.0,1.0,99.0,2.0,50.0,1.0,1.0,1.0,1.0,2.0,90.0
25135,90802.0,700.0,2.0,1.0,88.0,5.0,150.0,1.0,1.0,1.0,1.0,2.0,125.0
25151,11222.0,800.0,1.0,1.0,97.0,3.0,50.0,0.0,1.0,0.0,1.0,2.0,129.0
25250,10018.0,0.0,1.0,1.0,98.0,2.0,150.0,0.0,1.0,1.0,1.0,0.0,295.0
25425,10003.0,400.0,0.0,1.0,80.0,4.0,120.0,0.0,1.0,0.0,1.0,2.0,170.0
25426,10003.0,0.0,1.0,3.5,97.0,5.0,79.0,0.0,1.0,0.0,1.0,2.0,99.0
25450,11238.0,350.0,1.0,1.0,90.0,3.0,125.0,0.0,1.0,0.0,1.0,0.0,125.0
25808,90048.0,1350.0,2.0,2.0,97.0,4.0,150.0,1.0,1.0,1.0,1.0,2.0,350.0
25895,90035.0,1800.0,4.0,3.0,80.0,16.0,95.0,1.0,1.0,0.0,1.0,2.0,360.0
26117,90028.0,0.0,1.0,1.0,85.0,4.0,24.0,0.0,1.0,0.0,1.0,2.0,98.0
26188,90048.0,1000.0,1.0,1.0,100.0,1.0,50.0,0.0,1.0,1.0,1.0,2.0,54.0
26310,90046.0,400.0,1.0,1.0,98.0,1.0,50.0,0.0,1.0,1.0,1.0,0.0,74.0
26322,90018.0,850.0,1.0,1.0,96.0,3.0,25.0,1.0,1.0,0.0,1.0,0.0,110.0
26362,91206.0,205.0,2.0,2.0,96.0,6.0,50.0,0.0,1.0,1.0,1.0,0.0,225.0
26667,90038.0,0.0,1.0,1.0,94.0,2.0,50.0,1.0,1.0,0.0,1.0,0.0,79.0
26736,90026.0,1600.0,3.0,2.0,88.0,5.0,200.0,1.0,1.0,0.0,1.0,2.0,350.0
26811,90042.0,130.0,1.0,1.0,96.0,1.0,10.0,0.0,1.0,0.0,1.0,0.0,55.0
27140,11216.0,193.0,1.0,1.0,97.0,2.0,10.0,0.0,1.0,0.0,1.0,2.0,60.0
27251,70117.0,500.0,1.0,1.0,98.0,2.0,50.0,0.0,1.0,1.0,1.0,2.0,75.0
27260,70118.0,1850.0,3.0,3.5,93.0,6.0,150.0,1.0,1.0,0.0,1.0,0.0,295.0
27339,70117.0,2000.0,3.0,2.5,93.0,6.0,100.0,0.0,1.0,0.0,1.0,2.0,325.0
27589,10009.0,1000.0,2.0,1.0,93.0,6.0,95.0,0.0,1.0,1.0,1.0,0.0,199.0
27770,11355.0,150.0,1.0,1.0,100.0,2.0,20.0,0.0,1.0,0.0,1.0,2.0,70.0
27889,10026.0,1.0,1.0,1.5,100.0,2.0,50.0,0.0,1.0,0.0,1.0,2.0,170.0
27982,90291.0,2000.0,2.0,2.0,96.0,8.0,150.0,0.0,1.0,1.0,1.0,2.0,350.0
28030,90004.0,2600.0,3.0,2.5,97.0,5.0,150.0,1.0,1.0,1.0,1.0,2.0,399.0
28189,37201.0,690.0,1.0,1.0,96.0,4.0,85.0,0.0,1.0,1.0,1.0,2.0,235.0
28253,90039.0,2200.0,3.0,2.5,100.0,9.0,200.0,0.0,1.0,1.0,1.0,0.0,350.0
28613,10468.0,0.0,1.0,1.0,92.0,2.0,30.0,0.0,1.0,0.0,1.0,2.0,45.0
28688,10036.0,725.0,1.0,1.0,100.0,3.0,50.0,0.0,1.0,0.0,1.0,0.0,139.0
28848,11238.0,725.0,1.0,1.0,98.0,1.0,100.0,0.0,1.0,0.0,1.0,2.0,90.0
28870,11216.0,220.0,1.0,1.0,97.0,2.0,50.0,0.0,1.0,1.0,1.0,2.0,110.0
29130,90057.0,430.0,1.0,1.0,93.0,2.0,50.0,0.0,1.0,0.0,1.0,0.0,70.0
29192,90025.0,800.0,1.0,1.0,100.0,2.0,70.0,1.0,1.0,1.0,1.0,2.0,110.0
29374,78722.0,320.0,1.0,1.0,94.0,2.0,30.0,1.0,1.0,0.0,1.0,2.0,110.0
29439,78702.0,900.0,2.0,1.0,96.0,6.0,75.0,1.0,1.0,1.0,1.0,2.0,285.0
29545,78704.0,1750.0,4.0,3.0,100.0,8.0,100.0,1.0,1.0,0.0,1.0,2.0,350.0
29613,78704.0,2650.0,5.0,3.5,99.0,12.0,275.0,1.0,1.0,1.0,1.0,2.0,695.0
29715,78722.0,1600.0,3.0,2.0,98.0,9.0,50.0,1.0,1.0,1.0,1.0,2.0,300.0
29738,78704.0,1200.0,1.0,1.0,90.0,6.0,50.0,1.0,1.0,0.0,1.0,0.0,190.0
29780,78731.0,400.0,1.0,1.0,97.0,2.0,35.0,1.0,1.0,0.0,1.0,0.0,85.0
29782,78731.0,2200.0,3.0,2.0,100.0,5.0,150.0,1.0,1.0,1.0,1.0,2.0,725.0
29796,78702.0,1025.0,2.0,2.0,92.0,6.0,50.0,1.0,1.0,0.0,1.0,2.0,200.0
29995,78702.0,960.0,1.0,1.0,99.0,4.0,50.0,1.0,1.0,0.0,1.0,0.0,150.0
30020,78703.0,410.0,1.0,1.0,99.0,3.0,35.0,1.0,1.0,0.0,1.0,2.0,198.0
30083,78702.0,500.0,1.0,1.0,96.0,4.0,45.0,1.0,1.0,0.0,1.0,2.0,175.0
30153,78704.0,3400.0,4.0,3.0,100.0,6.0,200.0,1.0,1.0,0.0,1.0,2.0,550.0
30265,78751.0,800.0,2.0,1.0,99.0,4.0,60.0,1.0,1.0,1.0,1.0,2.0,159.0
30330,78705.0,0.0,0.0,1.0,97.0,3.0,40.0,1.0,1.0,1.0,1.0,2.0,90.0
30416,2125.0,1200.0,3.0,1.0,88.0,6.0,175.0,0.0,1.0,1.0,1.0,2.0,126.0
30466,60647.0,1100.0,1.0,1.5,97.0,2.0,85.0,1.0,1.0,0.0,1.0,0.0,150.0
30577,60611.0,0.0,1.0,1.0,95.0,2.0,50.0,0.0,1.0,1.0,1.0,2.0,140.0
30602,60654.0,140.0,1.0,1.0,95.0,2.0,39.0,0.0,1.0,1.0,1.0,0.0,99.0
30751,78703.0,600.0,1.0,1.0,97.0,2.0,75.0,1.0,1.0,0.0,1.0,2.0,125.0
30796,78757.0,920.0,2.0,1.0,98.0,4.0,100.0,1.0,1.0,0.0,1.0,2.0,73.0
30819,78703.0,2100.0,4.0,2.5,100.0,6.0,200.0,1.0,1.0,0.0,1.0,2.0,650.0
30837,78731.0,0.0,3.0,3.0,94.0,12.0,250.0,1.0,1.0,1.0,1.0,2.0,500.0
30843,78745.0,260.0,1.0,1.0,97.0,4.0,25.0,1.0,1.0,0.0,1.0,0.0,70.0
30876,78702.0,1225.0,2.0,1.5,98.0,6.0,60.0,1.0,1.0,1.0,1.0,2.0,160.0
31042,78759.0,130.0,1.0,1.5,97.0,3.0,30.0,1.0,1.0,0.0,1.0,0.0,79.0
31250,37214.0,1380.0,3.0,2.0,98.0,8.0,35.0,0.0,1.0,1.0,1.0,0.0,135.0
31308,2120.0,1200.0,1.0,2.0,89.0,3.0,200.0,0.0,1.0,1.0,1.0,2.0,115.0
31336,2127.0,1600.0,1.0,1.0,100.0,2.0,100.0,0.0,1.0,1.0,1.0,2.0,150.0
31598,10010.0,800.0,1.0,1.0,99.0,2.0,85.0,0.0,1.0,0.0,1.0,2.0,300.0
31661,11211.0,850.0,1.0,1.0,94.0,6.0,125.0,0.0,1.0,0.0,1.0,2.0,160.0
31774,10039.0,144.0,1.0,1.0,100.0,3.0,50.0,0.0,1.0,0.0,1.0,2.0,75.0
31908,10029.0,350.0,1.0,1.0,92.0,2.0,100.0,0.0,1.0,0.0,1.0,0.0,120.0
32022,10040.0,600.0,1.0,1.0,100.0,2.0,40.0,0.0,1.0,0.0,1.0,2.0,97.0
32376,10009.0,700.0,1.0,1.0,89.0,3.0,100.0,0.0,1.0,1.0,1.0,2.0,195.0
32392,10003.0,800.0,2.0,1.0,95.0,3.0,50.0,0.0,1.0,1.0,1.0,0.0,240.0
32671,11106.0,0.0,1.0,1.0,88.0,2.0,30.0,0.0,1.0,1.0,1.0,0.0,100.0
32696,70117.0,800.0,2.0,1.0,98.0,6.0,75.0,0.0,1.0,1.0,1.0,2.0,164.0
32700,70125.0,0.0,1.0,1.0,90.0,2.0,20.0,1.0,1.0,1.0,1.0,0.0,100.0
32760,70117.0,350.0,1.0,1.0,98.0,2.0,50.0,1.0,1.0,0.0,1.0,2.0,89.0
32762,70117.0,650.0,1.0,1.0,98.0,2.0,65.0,0.0,1.0,0.0,1.0,2.0,115.0
41072,10010.0,500.0,1.0,1.0,80.0,6.0,60.0,0.0,1.0,1.0,1.0,2.0,206.0
41551,11102.0,520.0,1.0,1.0,95.0,4.0,60.0,0.0,1.0,0.0,1.0,2.0,115.0
41673,20024.0,1600.0,3.0,2.5,97.0,8.0,175.0,1.0,1.0,1.0,1.0,2.0,379.0
41761,20002.0,3000.0,4.0,4.0,85.0,9.0,120.0,1.0,1.0,1.0,1.0,2.0,500.0
41767,20002.0,140.0,1.0,1.5,94.0,2.0,20.0,0.0,1.0,0.0,1.0,0.0,50.0
41930,94611.0,2000.0,1.0,1.5,97.0,4.0,75.0,0.0,1.0,1.0,1.0,0.0,235.0
41955,92139.0,180.0,1.0,1.0,91.0,2.0,10.0,0.0,1.0,0.0,1.0,0.0,70.0
41968,92106.0,1543.0,3.0,2.0,98.0,8.0,100.0,0.0,1.0,1.0,1.0,0.0,315.0
42057,94127.0,1100.0,2.0,1.0,97.0,5.0,150.0,1.0,1.0,1.0,1.0,2.0,345.0
42095,92101.0,0.0,1.0,1.0,88.0,2.0,50.0,0.0,1.0,1.0,1.0,2.0,99.0
42170,94118.0,1100.0,2.0,1.0,95.0,4.0,40.0,0.0,1.0,0.0,1.0,0.0,165.0
42186,94123.0,2800.0,4.0,3.0,94.0,7.0,300.0,0.0,1.0,1.0,1.0,2.0,900.0
42196,94158.0,130.0,3.0,2.0,98.0,6.0,250.0,1.0,1.0,1.0,1.0,2.0,500.0
42274,94109.0,650.0,1.0,1.0,97.0,1.0,10.0,0.0,1.0,0.0,1.0,0.0,79.0
42281,92105.0,50.0,1.0,1.5,96.0,1.0,30.0,0.0,1.0,0.0,1.0,0.0,38.0
42489,94114.0,850.0,1.0,1.0,96.0,2.0,100.0,0.0,1.0,1.0,1.0,2.0,195.0
42544,95006.0,400.0,1.0,1.0,88.0,2.0,20.0,0.0,0.0,0.0,1.0,2.0,75.0
42628,97211.0,1.0,2.0,1.0,91.0,6.0,100.0,1.0,1.0,1.0,1.0,2.0,150.0
42711,98118.0,700.0,1.0,1.0,96.0,3.0,30.0,0.0,1.0,0.0,1.0,2.0,90.0
42756,98112.0,500.0,1.0,1.0,94.0,2.0,72.0,0.0,1.0,1.0,1.0,2.0,125.0
42766,20009.0,1400.0,3.0,2.0,84.0,9.0,85.0,0.0,1.0,1.0,1.0,0.0,260.0
42923,20002.0,760.0,2.0,1.0,100.0,4.0,25.0,1.0,1.0,1.0,1.0,0.0,250.0
43020,20008.0,4500.0,5.0,3.5,96.0,15.0,180.0,1.0,1.0,1.0,1.0,2.0,495.0
43291,78701.0,1.0,3.0,2.0,96.0,10.0,125.0,1.0,1.0,1.0,1.0,2.0,490.0
43332,78704.0,2700.0,3.0,4.0,100.0,6.0,240.0,1.0,1.0,0.0,1.0,2.0,750.0
43336,78704.0,1850.0,2.0,2.5,100.0,4.0,125.0,1.0,1.0,1.0,1.0,0.0,300.0
43349,78704.0,1.0,3.0,1.0,92.0,6.0,75.0,1.0,1.0,0.0,1.0,2.0,245.0
43446,78721.0,1600.0,3.0,2.5,98.0,8.0,100.0,1.0,1.0,0.0,1.0,2.0,135.0
43540,78704.0,2500.0,4.0,3.5,98.0,10.0,135.0,1.0,1.0,1.0,1.0,2.0,675.0
43625,78748.0,800.0,7.0,7.0,100.0,16.0,275.0,1.0,1.0,0.0,1.0,2.0,699.0
43713,78749.0,2600.0,1.0,2.0,100.0,4.0,50.0,0.0,1.0,1.0,1.0,0.0,200.0
43834,80205.0,1.0,1.0,1.0,94.0,2.0,25.0,0.0,1.0,0.0,1.0,0.0,68.0
43927,2118.0,450.0,1.0,1.0,87.0,2.0,65.0,0.0,1.0,1.0,1.0,2.0,145.0
43967,60657.0,2600.0,1.0,1.0,100.0,2.0,60.0,0.0,1.0,1.0,1.0,2.0,175.0
44258,78703.0,875.0,2.0,1.0,98.0,5.0,40.0,1.0,1.0,1.0,1.0,2.0,147.0
44275,78704.0,960.0,2.0,2.0,98.0,5.0,75.0,1.0,1.0,1.0,1.0,2.0,220.0
44336,78751.0,900.0,2.0,1.0,96.0,6.0,80.0,1.0,1.0,1.0,1.0,2.0,175.0
44386,78741.0,2200.0,3.0,2.5,100.0,6.0,40.0,1.0,1.0,1.0,1.0,0.0,500.0
44392,78704.0,2500.0,5.0,4.0,100.0,12.0,200.0,1.0,1.0,1.0,1.0,0.0,395.0
44457,60661.0,1050.0,2.0,1.5,98.0,3.0,50.0,0.0,1.0,1.0,1.0,0.0,195.0
44505,80210.0,1200.0,3.0,1.0,96.0,8.0,125.0,0.0,1.0,1.0,1.0,2.0,175.0
44785,80211.0,300.0,1.0,1.0,97.0,2.0,15.0,0.0,1.0,1.0,1.0,2.0,105.0
44862,80211.0,800.0,1.0,1.0,93.0,4.0,30.0,0.0,1.0,1.0,1.0,0.0,95.0
45118,90046.0,250.0,1.0,1.0,95.0,2.0,65.0,1.0,1.0,1.0,1.0,2.0,82.0
45154,91775.0,800.0,2.0,1.0,97.0,6.0,100.0,1.0,1.0,0.0,1.0,2.0,128.0
45278,90015.0,0.0,1.0,1.0,100.0,4.0,69.0,1.0,1.0,1.0,1.0,2.0,169.0
45462,90038.0,415.0,1.0,1.0,98.0,2.0,20.0,1.0,1.0,1.0,1.0,2.0,105.0
45591,91202.0,1200.0,2.0,1.0,95.0,6.0,80.0,1.0,1.0,1.0,1.0,2.0,150.0
45654,90026.0,500.0,1.0,1.0,99.0,3.0,90.0,0.0,1.0,0.0,1.0,2.0,160.0
45738,91406.0,500.0,1.0,1.0,98.0,2.0,70.0,1.0,1.0,1.0,1.0,0.0,109.0
45989,94618.0,1100.0,2.0,1.0,92.0,6.0,100.0,0.0,1.0,1.0,1.0,2.0,165.0
46310,90005.0,200.0,1.0,2.0,81.0,3.0,10.0,1.0,1.0,0.0,1.0,0.0,59.0
46536,910012243.0,300.0,1.0,1.0,96.0,2.0,20.0,1.0,1.0,1.0,1.0,0.0,89.0
46554,90039.0,400.0,1.0,1.0,100.0,1.0,50.0,0.0,1.0,0.0,1.0,0.0,65.0
46655,90290.0,112.0,1.0,1.0,99.0,2.0,45.0,1.0,1.0,0.0,1.0,0.0,88.0
46859,90026.0,780.0,2.0,1.0,99.0,4.0,70.0,0.0,1.0,1.0,1.0,0.0,165.0
47149,37208.0,800.0,2.0,1.5,96.0,5.0,60.0,0.0,1.0,1.0,1.0,0.0,115.0
47172,70125.0,2300.0,3.0,3.0,90.0,16.0,200.0,1.0,1.0,1.0,1.0,2.0,600.0
47202,10305.0,700.0,1.0,1.0,90.0,6.0,75.0,0.0,1.0,0.0,1.0,2.0,125.0
47236,70119.0,300.0,1.0,1.0,99.0,4.0,15.0,1.0,1.0,1.0,1.0,2.0,125.0
47250,70118.0,1000.0,1.0,1.0,96.0,2.0,65.0,0.0,1.0,1.0,1.0,0.0,125.0
47285,70032.0,0.0,1.0,1.0,94.0,3.0,45.0,1.0,1.0,1.0,1.0,2.0,85.0
47290,70115.0,2000.0,4.0,2.0,100.0,8.0,150.0,1.0,1.0,1.0,1.0,0.0,450.0
47351,11205.0,800.0,1.0,1.0,70.0,2.0,50.0,0.0,1.0,0.0,1.0,2.0,70.0
47615,10019.0,550.0,1.0,1.0,82.0,4.0,65.0,0.0,1.0,1.0,1.0,2.0,149.0
47850,11217.0,1000.0,1.0,1.5,97.0,4.0,80.0,0.0,1.0,0.0,1.0,0.0,200.0
47902,10014.0,220.0,1.0,1.0,99.0,2.0,75.0,0.0,1.0,1.0,1.0,2.0,125.0
48260,10002.0,1200.0,2.0,1.0,98.0,5.0,80.0,0.0,1.0,0.0,1.0,2.0,400.0
48273,11225.0,750.0,2.0,1.0,86.0,4.0,200.0,0.0,1.0,0.0,1.0,2.0,150.0
48472,94133.0,2250.0,4.0,2.0,100.0,7.0,150.0,0.0,1.0,0.0,1.0,0.0,650.0
48590,94107.0,900.0,1.0,1.0,100.0,2.0,45.0,0.0,1.0,1.0,1.0,2.0,165.0
48679,98102.0,1850.0,3.0,2.0,93.0,10.0,300.0,0.0,1.0,1.0,1.0,2.0,360.0
48989,92102.0,200.0,1.0,1.0,95.0,2.0,35.0,0.0,1.0,1.0,1.0,0.0,75.0
49048,92103.0,900.0,2.0,1.5,86.0,6.0,35.0,0.0,1.0,1.0,1.0,2.0,106.0
49074,94110.0,600.0,1.0,1.0,97.0,3.0,60.0,1.0,1.0,0.0,1.0,0.0,165.0
49082,94112.0,2000.0,1.0,2.0,100.0,1.0,55.0,0.0,1.0,1.0,1.0,0.0,71.0
49135,20003.0,800.0,0.0,1.0,96.0,2.0,25.0,0.0,1.0,0.0,1.0,0.0,110.0
57532,90026.0,480.0,1.0,1.0,97.0,4.0,50.0,0.0,1.0,1.0,1.0,0.0,145.0
57611,90069.0,1450.0,1.0,1.0,95.0,2.0,50.0,1.0,1.0,1.0,1.0,0.0,185.0
57716,90068.0,2500.0,2.0,2.0,91.0,5.0,120.0,1.0,1.0,0.0,1.0,0.0,350.0
57897,90015.0,1150.0,1.0,1.0,100.0,2.0,95.0,1.0,1.0,1.0,1.0,2.0,239.0
57975,90039.0,1100.0,2.0,1.0,97.0,6.0,50.0,1.0,1.0,1.0,1.0,0.0,139.0
58167,90046.0,2000.0,2.0,2.0,97.0,6.0,185.0,1.0,1.0,1.0,1.0,2.0,570.0
58193,90006.0,300.0,1.0,1.0,94.0,2.0,65.0,1.0,1.0,0.0,1.0,2.0,53.0
58231,90232.0,600.0,1.0,1.0,96.0,3.0,120.0,0.0,1.0,0.0,1.0,2.0,159.0
58608,90291.0,1000.0,1.0,1.0,100.0,2.0,80.0,0.0,1.0,0.0,1.0,2.0,160.0
58746,37206.0,1200.0,2.0,1.0,97.0,6.0,80.0,0.0,1.0,1.0,1.0,0.0,140.0
58822,70118.0,170.0,1.0,1.0,94.0,1.0,20.0,0.0,1.0,0.0,1.0,2.0,20.0
58853,70117.0,1950.0,3.0,2.5,95.0,4.0,95.0,0.0,1.0,1.0,1.0,2.0,215.0
58877,11233.0,800.0,3.0,1.0,88.0,6.0,80.0,1.0,1.0,1.0,1.0,2.0,180.0
58912,11216.0,1200.0,1.0,1.0,90.0,2.0,75.0,0.0,1.0,1.0,1.0,2.0,95.0
58959,11205.0,0.0,1.0,1.0,98.0,2.0,15.0,0.0,1.0,0.0,1.0,2.0,45.0
58978,11233.0,925.0,1.0,1.0,98.0,6.0,50.0,0.0,1.0,1.0,1.0,2.0,135.0
59004,11225.0,775.0,1.0,1.0,100.0,2.0,70.0,0.0,1.0,0.0,1.0,2.0,62.0
59043,10011.0,1000.0,2.0,1.5,90.0,4.0,80.0,0.0,1.0,1.0,1.0,0.0,250.0
59230,10010.0,900.0,2.0,1.0,94.0,6.0,100.0,0.0,1.0,0.0,1.0,2.0,345.0
59275,10026.0,100.0,1.0,1.0,97.0,2.0,5.0,0.0,1.0,0.0,1.0,0.0,69.0
59282,10027.0,550.0,1.0,1.0,84.0,6.0,50.0,0.0,1.0,1.0,1.0,2.0,155.0
59333,10022.0,750.0,1.0,1.0,94.0,2.0,95.0,0.0,1.0,1.0,1.0,2.0,110.0
59371,10027.0,850.0,1.0,1.0,94.0,4.0,60.0,0.0,1.0,0.0,1.0,2.0,168.0
59476,11226.0,950.0,1.0,1.0,96.0,2.0,75.0,0.0,1.0,0.0,1.0,0.0,70.0
59543,37219.0,1000.0,2.0,2.0,88.0,5.0,103.0,0.0,1.0,1.0,1.0,2.0,166.0
59752,11238.0,5000.0,1.0,1.0,96.0,10.0,200.0,0.0,1.0,0.0,1.0,2.0,600.0
59755,11205.0,360.0,0.0,1.0,95.0,2.0,70.0,0.0,1.0,0.0,1.0,0.0,139.0
59789,11238.0,1500.0,4.0,2.5,100.0,6.0,100.0,0.0,0.0,0.0,1.0,2.0,175.0
59834,11222.0,950.0,1.0,2.0,100.0,2.0,25.0,0.0,1.0,0.0,1.0,0.0,100.0
59835,11222.0,500.0,1.0,1.0,91.0,4.0,50.0,1.0,1.0,0.0,1.0,2.0,129.0
59946,2130.0,2200.0,4.0,1.5,100.0,8.0,100.0,0.0,1.0,1.0,1.0,2.0,300.0
60213,90291.0,800.0,1.0,1.0,96.0,2.0,75.0,1.0,1.0,1.0,1.0,0.0,140.0
60216,90291.0,1400.0,3.0,2.0,95.0,6.0,125.0,1.0,1.0,1.0,1.0,2.0,250.0
60230,90291.0,300.0,1.0,1.0,94.0,2.0,90.0,0.0,1.0,1.0,1.0,2.0,140.0
60323,90291.0,900.0,2.0,1.0,88.0,4.0,125.0,1.0,1.0,1.0,1.0,0.0,250.0
60462,90025.0,1600.0,4.0,2.0,95.0,8.0,150.0,1.0,1.0,1.0,1.0,2.0,399.0
60529,90046.0,3500.0,4.0,3.5,95.0,8.0,300.0,1.0,1.0,1.0,1.0,2.0,695.0
60812,90066.0,64.0,1.0,1.0,94.0,2.0,25.0,0.0,1.0,0.0,1.0,0.0,75.0
60829,90028.0,0.0,1.0,1.0,89.0,5.0,79.0,1.0,1.0,1.0,1.0,2.0,140.0
60851,90026.0,1450.0,3.0,1.5,96.0,7.0,125.0,0.0,1.0,0.0,1.0,2.0,130.0
61396,70112.0,1100.0,2.0,2.0,93.0,5.0,99.0,1.0,1.0,1.0,1.0,2.0,187.0
61473,11226.0,12.0,1.0,1.0,97.0,4.0,24.0,0.0,1.0,1.0,1.0,2.0,69.0
61492,10006.0,450.0,0.0,1.0,97.0,2.0,185.0,0.0,1.0,0.0,1.0,2.0,225.0
61689,10036.0,620.0,1.0,1.0,96.0,2.0,75.0,0.0,1.0,1.0,1.0,2.0,199.0
61705,10036.0,200.0,1.0,1.0,98.0,2.0,20.0,0.0,1.0,1.0,1.0,0.0,165.0
61787,10002.0,550.0,1.0,1.0,92.0,2.0,50.0,0.0,1.0,0.0,1.0,0.0,130.0
62015,11217.0,1600.0,2.0,2.5,92.0,4.0,80.0,0.0,1.0,1.0,1.0,0.0,135.0
62044,10027.0,750.0,2.0,1.0,91.0,8.0,50.0,0.0,1.0,1.0,1.0,2.0,99.0
62109,10031.0,0.0,1.0,2.0,93.0,3.0,25.0,1.0,1.0,0.0,1.0,2.0,60.0
62403,11213.0,225.0,1.0,1.0,90.0,2.0,50.0,0.0,1.0,0.0,1.0,2.0,70.0
62478,94610.0,750.0,1.0,1.0,95.0,2.0,7.0,0.0,1.0,0.0,1.0,0.0,50.0
62547,94618.0,550.0,1.0,1.0,85.0,4.0,20.0,0.0,1.0,0.0,1.0,2.0,90.0
62548,94618.0,140.0,1.0,1.0,93.0,2.0,50.0,0.0,1.0,0.0,1.0,2.0,130.0
62578,98103.0,660.0,1.0,1.0,99.0,2.0,60.0,0.0,1.0,0.0,1.0,0.0,115.0
62732,97201.0,1700.0,4.0,2.0,97.0,8.0,125.0,1.0,1.0,1.0,1.0,2.0,350.0
63035,94122.0,2100.0,3.0,2.5,100.0,5.0,150.0,1.0,1.0,1.0,1.0,2.0,550.0
63087,95003.0,2000.0,2.0,1.0,98.0,8.0,150.0,0.0,1.0,1.0,1.0,0.0,349.0
63137,94115.0,1400.0,2.0,1.5,98.0,4.0,125.0,1.0,1.0,1.0,1.0,2.0,395.0
63210,94110.0,750.0,1.0,1.0,96.0,2.0,80.0,0.0,1.0,0.0,1.0,2.0,195.0
63270,94109.0,400.0,1.0,1.0,95.0,2.0,90.0,0.0,1.0,0.0,1.0,0.0,125.0
63297,94127.0,140.0,1.0,1.0,95.0,2.0,20.0,0.0,1.0,0.0,1.0,0.0,54.0
63316,94117.0,1012.0,2.0,1.0,100.0,4.0,100.0,0.0,1.0,0.0,1.0,2.0,280.0
63371,98103.0,1600.0,3.0,2.5,95.0,8.0,145.0,0.0,1.0,1.0,1.0,2.0,245.0
63578,20007.0,1500.0,1.0,1.0,99.0,1.0,100.0,0.0,1.0,1.0,1.0,2.0,125.0
63717,37203.0,1000.0,2.0,2.0,80.0,5.0,103.0,0.0,1.0,1.0,1.0,2.0,143.0
63929,91101.0,450.0,0.0,1.0,94.0,3.0,49.0,1.0,1.0,1.0,1.0,2.0,89.0
64007,90292.0,320.0,1.0,1.0,97.0,3.0,58.0,1.0,1.0,1.0,1.0,2.0,175.0
64191,90291.0,625.0,1.0,1.0,91.0,4.0,125.0,0.0,1.0,1.0,1.0,2.0,164.0
64195,90291.0,2600.0,4.0,4.0,100.0,8.0,150.0,1.0,1.0,1.0,1.0,2.0,500.0
64308,70119.0,480.0,1.0,1.0,98.0,4.0,75.0,1.0,1.0,0.0,1.0,2.0,75.0
64355,37205.0,750.0,1.0,1.0,100.0,4.0,60.0,0.0,1.0,1.0,1.0,2.0,190.0
64396,37209.0,0.0,1.0,1.0,99.0,2.0,40.0,0.0,1.0,1.0,1.0,0.0,75.0
64492,90068.0,0.0,1.0,1.0,91.0,2.0,7.0,0.0,1.0,0.0,1.0,2.0,65.0
64538,90068.0,2000.0,2.0,1.5,100.0,4.0,150.0,0.0,1.0,1.0,1.0,2.0,350.0
64548,90068.0,750.0,1.0,1.0,98.0,6.0,50.0,1.0,1.0,1.0,1.0,0.0,130.0
64564,90036.0,235.0,1.0,1.0,95.0,3.0,45.0,1.0,1.0,0.0,1.0,0.0,75.0
64586,90026.0,1200.0,2.0,2.5,99.0,4.0,150.0,1.0,1.0,0.0,1.0,2.0,400.0
64628,90038.0,1020.0,2.0,2.0,98.0,4.0,95.0,0.0,1.0,0.0,1.0,2.0,197.0
64661,90027.0,800.0,1.0,1.0,91.0,2.0,100.0,0.0,1.0,1.0,1.0,2.0,195.0
64703,90004.0,1100.0,1.0,1.0,100.0,2.0,150.0,1.0,1.0,1.0,1.0,2.0,199.0
64754,90036.0,1200.0,2.0,2.0,93.0,8.0,60.0,1.0,1.0,1.0,1.0,2.0,190.0
64994,90802.0,600.0,0.0,1.0,94.0,2.0,60.0,1.0,1.0,1.0,1.0,2.0,95.0
65011,90814.0,1000.0,2.0,1.0,97.0,3.0,85.0,1.0,1.0,0.0,1.0,2.0,113.0
65115,90026.0,285.0,0.0,1.0,92.0,2.0,49.0,0.0,1.0,0.0,1.0,2.0,75.0
65183,90293.0,700.0,1.0,1.0,94.0,3.0,100.0,1.0,1.0,1.0,1.0,2.0,260.0
65304,10034.0,700.0,1.0,1.0,95.0,1.0,50.0,0.0,1.0,0.0,1.0,0.0,100.0
65396,10027.0,700.0,1.0,1.0,94.0,4.0,50.0,0.0,1.0,1.0,1.0,0.0,120.0
65485,10034.0,175.0,2.0,1.0,97.0,3.0,50.0,0.0,1.0,1.0,1.0,2.0,87.0
65552,11221.0,800.0,2.0,1.0,92.0,6.0,85.0,0.0,1.0,1.0,1.0,2.0,165.0
65654,11238.0,1000.0,1.0,1.0,96.0,2.0,17.0,0.0,1.0,0.0,1.0,2.0,105.0
65840,11222.0,800.0,2.0,1.0,96.0,4.0,75.0,0.0,1.0,0.0,1.0,0.0,190.0
66020,10011.0,325.0,1.0,1.0,98.0,2.0,50.0,0.0,1.0,0.0,1.0,0.0,125.0
66066,70119.0,1375.0,3.0,2.0,92.0,8.0,95.0,1.0,1.0,1.0,1.0,2.0,295.0
66079,11221.0,0.0,1.0,1.0,97.0,2.0,20.0,1.0,1.0,0.0,1.0,0.0,48.0
66107,11201.0,900.0,2.0,1.0,97.0,7.0,150.0,0.0,1.0,0.0,1.0,2.0,250.0
66205,10002.0,900.0,2.0,1.0,100.0,3.0,100.0,0.0,1.0,0.0,1.0,0.0,240.0
66294,2119.0,630.0,1.0,1.0,98.0,3.0,65.0,0.0,1.0,0.0,1.0,2.0,160.0
66406,80205.0,900.0,2.0,1.0,96.0,5.0,75.0,0.0,1.0,0.0,1.0,2.0,119.0
66657,80212.0,850.0,2.0,1.0,91.0,4.0,50.0,0.0,1.0,0.0,1.0,2.0,125.0
66677,2116.0,340.0,1.0,1.0,90.0,2.0,15.0,0.0,1.0,1.0,1.0,0.0,130.0
67689,90292.0,1100.0,2.0,2.0,96.0,9.0,140.0,1.0,1.0,1.0,1.0,2.0,279.0
67710,90046.0,0.0,1.0,1.0,99.0,2.0,125.0,1.0,1.0,1.0,1.0,0.0,165.0
67846,60622.0,1300.0,3.0,1.0,87.0,10.0,35.0,1.0,1.0,1.0,1.0,2.0,119.0
67919,80211.0,890.0,2.0,1.0,94.0,4.0,20.0,0.0,1.0,1.0,1.0,0.0,100.0
67966,60613.0,1420.0,2.0,2.0,97.0,4.0,150.0,0.0,1.0,1.0,1.0,2.0,250.0
68022,60625.0,1700.0,1.0,1.0,94.0,3.0,35.0,1.0,1.0,0.0,1.0,0.0,85.0
68568,10017.0,2200.0,2.0,2.0,98.0,4.0,200.0,0.0,1.0,1.0,1.0,0.0,450.0
68585,37214.0,600.0,1.0,1.0,97.0,2.0,35.0,0.0,1.0,0.0,1.0,0.0,110.0
68677,11373.0,500.0,2.0,1.0,93.0,3.0,60.0,0.0,1.0,0.0,1.0,2.0,89.0
68779,10009.0,2000.0,3.0,2.0,89.0,7.0,100.0,0.0,1.0,0.0,1.0,2.0,600.0
68794,10456.0,1300.0,1.0,1.0,95.0,2.0,25.0,1.0,1.0,1.0,1.0,0.0,70.0
68893,37216.0,1000.0,2.0,1.0,99.0,4.0,25.0,0.0,1.0,1.0,1.0,0.0,125.0
68906,70117.0,2100.0,2.0,2.0,98.0,6.0,200.0,0.0,1.0,1.0,1.0,2.0,550.0
68932,70117.0,1100.0,2.0,2.0,98.0,4.0,89.0,0.0,1.0,1.0,1.0,2.0,155.0
69114,11103.0,500.0,1.0,1.0,96.0,3.0,50.0,0.0,1.0,0.0,1.0,0.0,129.0
69172,11222.0,90.0,1.0,1.0,89.0,1.0,40.0,0.0,1.0,0.0,1.0,0.0,55.0
69471,78731.0,600.0,0.0,1.0,97.0,3.0,25.0,1.0,1.0,0.0,1.0,0.0,115.0
69550,78704.0,1000.0,2.0,1.0,95.0,5.0,20.0,1.0,1.0,0.0,1.0,0.0,179.0
69570,78704.0,500.0,1.0,1.0,94.0,4.0,60.0,1.0,1.0,1.0,1.0,2.0,175.0
69736,91604.0,7000.0,1.0,1.0,96.0,2.0,60.0,1.0,1.0,1.0,1.0,2.0,109.0
69888,90026.0,350.0,0.0,1.0,98.0,2.0,65.0,0.0,1.0,1.0,1.0,2.0,115.0
69898,90254.0,2000.0,3.0,3.5,92.0,4.0,500.0,1.0,1.0,1.0,1.0,2.0,420.0
69982,900362514.0,220.0,1.0,1.0,98.0,2.0,30.0,1.0,1.0,1.0,1.0,2.0,60.0
70232,90068.0,800.0,1.0,1.0,87.0,3.0,60.0,1.0,1.0,1.0,1.0,2.0,115.0
70275,90803.0,2500.0,1.0,2.5,100.0,6.0,50.0,0.0,1.0,1.0,1.0,0.0,125.0
70282,90027.0,1500.0,2.0,2.0,94.0,3.0,60.0,0.0,1.0,0.0,1.0,0.0,120.0
70364,90036.0,0.0,1.0,1.0,97.0,2.0,20.0,1.0,1.0,0.0,1.0,0.0,99.0
70476,90505.0,400.0,1.0,1.0,90.0,3.0,100.0,1.0,1.0,1.0,1.0,2.0,125.0
70482,90265.0,1200.0,2.0,2.0,95.0,4.0,175.0,1.0,1.0,1.0,1.0,2.0,207.0
70498,90291.0,800.0,1.0,1.0,90.0,3.0,100.0,1.0,1.0,1.0,1.0,2.0,189.0
70513,90290.0,700.0,1.0,1.0,98.0,4.0,70.0,1.0,1.0,0.0,1.0,2.0,109.0
70753,91776.0,0.0,1.0,1.0,82.0,2.0,20.0,1.0,1.0,1.0,1.0,0.0,45.0
70927,11201.0,600.0,2.0,1.0,90.0,3.0,60.0,0.0,1.0,0.0,1.0,0.0,140.0
70964,10035.0,750.0,1.0,1.0,96.0,4.0,75.0,0.0,1.0,1.0,1.0,0.0,145.0
71023,11217.0,764.0,1.0,1.0,96.0,4.0,85.0,0.0,1.0,1.0,1.0,0.0,190.0
71208,11217.0,1100.0,2.0,2.0,97.0,4.0,120.0,0.0,1.0,0.0,1.0,2.0,250.0
71602,11205.0,900.0,2.0,1.0,94.0,3.0,100.0,0.0,1.0,0.0,1.0,2.0,120.0
71686,10003.0,600.0,1.0,1.0,73.0,2.0,70.0,0.0,1.0,0.0,1.0,2.0,200.0
71695,10009.0,600.0,1.0,1.0,96.0,2.0,50.0,0.0,1.0,1.0,1.0,2.0,200.0
71801,70118.0,750.0,1.0,1.0,97.0,3.0,30.0,1.0,1.0,1.0,1.0,2.0,100.0
71886,37212.0,3500.0,2.0,3.0,100.0,6.0,100.0,0.0,1.0,1.0,1.0,0.0,615.0
71953,37203.0,1000.0,2.0,2.0,95.0,5.0,103.0,0.0,1.0,1.0,1.0,2.0,115.0
72004,10012.0,800.0,2.0,1.5,96.0,4.0,60.0,0.0,1.0,0.0,1.0,0.0,350.0
72043,94610.0,550.0,1.0,1.0,94.0,1.0,50.0,0.0,1.0,0.0,1.0,2.0,59.0
72137,98101.0,750.0,1.0,1.0,87.0,4.0,25.0,0.0,1.0,0.0,1.0,0.0,77.0
72294,92102.0,144.0,1.0,1.5,95.0,2.0,20.0,0.0,1.0,0.0,1.0,0.0,75.0
72400,94110.0,2200.0,1.0,1.0,94.0,4.0,60.0,0.0,1.0,1.0,1.0,0.0,199.0
72648,94114.0,1700.0,1.0,1.0,96.0,2.0,20.0,0.0,1.0,1.0,1.0,2.0,135.0
72730,94112.0,1600.0,4.0,2.0,94.0,8.0,275.0,1.0,1.0,1.0,1.0,2.0,299.0
72771,94117.0,1850.0,4.0,2.0,89.0,10.0,130.0,0.0,1.0,0.0,1.0,2.0,350.0
72772,94117.0,1500.0,1.0,1.0,98.0,2.0,7.0,0.0,1.0,1.0,1.0,2.0,95.0
72788,94132.0,0.0,1.0,1.0,84.0,4.0,90.0,0.0,1.0,0.0,1.0,2.0,110.0
72818,94102.0,450.0,1.0,1.0,88.0,5.0,75.0,1.0,1.0,1.0,1.0,2.0,252.0
72868,94112.0,1500.0,2.0,1.0,94.0,5.0,75.0,1.0,1.0,0.0,1.0,2.0,240.0
72939,94610.0,400.0,0.0,1.0,98.0,2.0,40.0,0.0,1.0,1.0,1.0,2.0,95.0
72948,94611.0,1850.0,3.0,2.5,91.0,6.0,125.0,0.0,1.0,0.0,1.0,2.0,235.0
73013,20009.0,770.0,1.0,1.0,97.0,3.0,60.0,0.0,1.0,1.0,1.0,0.0,120.0
73252,78703.0,1200.0,3.0,2.0,94.0,7.0,150.0,1.0,1.0,1.0,1.0,2.0,299.0
73283,78702.0,3200.0,5.0,3.0,98.0,12.0,130.0,1.0,1.0,0.0,1.0,2.0,750.0
73300,78703.0,1400.0,3.0,2.0,98.0,7.0,100.0,1.0,1.0,0.0,1.0,0.0,402.0
73321,78702.0,900.0,2.0,1.0,96.0,6.0,55.0,1.0,1.0,0.0,1.0,0.0,250.0
73427,60622.0,1300.0,2.0,1.0,96.0,3.0,35.0,0.0,1.0,0.0,1.0,0.0,145.0
73641,80218.0,1200.0,2.0,2.0,93.0,7.0,85.0,0.0,1.0,1.0,1.0,2.0,119.0
73664,80204.0,1388.0,1.0,2.5,90.0,2.0,50.0,0.0,1.0,0.0,1.0,0.0,75.0
73688,80211.0,900.0,1.0,1.5,100.0,4.0,75.0,0.0,1.0,1.0,1.0,2.0,167.0
73754,94618.0,400.0,1.0,1.0,96.0,2.0,50.0,0.0,1.0,1.0,1.0,0.0,75.0
73910,20001.0,505.0,1.0,1.0,96.0,2.0,80.0,0.0,1.0,1.0,1.0,2.0,149.0
74147,97209.0,350.0,0.0,1.0,96.0,2.0,60.0,0.0,1.0,1.0,1.0,0.0,150.0
74180,92104.0,1600.0,3.0,2.0,99.0,8.0,150.0,0.0,1.0,1.0,1.0,2.0,225.0
74213,92037.0,750.0,1.0,1.0,100.0,2.0,50.0,0.0,1.0,1.0,1.0,0.0,59.0
74267,92109.0,144.0,1.0,2.0,100.0,3.0,50.0,0.0,1.0,0.0,1.0,0.0,89.0
74483,94110.0,140.0,1.0,1.0,96.0,2.0,30.0,0.0,1.0,1.0,1.0,2.0,90.0
74504,94123.0,800.0,1.0,1.0,100.0,2.0,120.0,0.0,1.0,1.0,1.0,2.0,150.0
74517,94114.0,1800.0,3.0,2.0,100.0,6.0,75.0,1.0,1.0,1.0,1.0,0.0,525.0
74548,94121.0,1200.0,3.0,1.0,91.0,6.0,120.0,1.0,1.0,0.0,1.0,0.0,371.0
74597,95003.0,1200.0,2.0,2.0,91.0,8.0,150.0,0.0,1.0,1.0,1.0,2.0,385.0
74605,98102.0,750.0,1.0,1.0,100.0,2.0,50.0,0.0,1.0,1.0,1.0,2.0,138.0
74850,94131.0,1200.0,2.0,1.5,93.0,4.0,110.0,0.0,1.0,1.0,1.0,2.0,230.0
74904,98105.0,750.0,0.0,1.0,95.0,4.0,50.0,0.0,1.0,0.0,1.0,2.0,115.0
74923,98115.0,550.0,1.0,1.0,97.0,4.0,40.0,0.0,1.0,0.0,1.0,2.0,110.0
74926,78756.0,800.0,2.0,1.0,96.0,5.0,75.0,1.0,1.0,1.0,1.0,2.0,129.0
74972,78704.0,1170.0,1.0,1.0,100.0,2.0,70.0,1.0,1.0,0.0,1.0,2.0,172.0
74989,78704.0,1000.0,2.0,1.0,100.0,6.0,100.0,1.0,1.0,0.0,1.0,0.0,375.0
75033,78701.0,950.0,2.0,1.0,87.0,6.0,100.0,1.0,1.0,0.0,1.0,2.0,375.0
75155,78745.0,95.0,1.0,1.0,93.0,2.0,40.0,1.0,1.0,0.0,1.0,0.0,60.0
75222,78745.0,1500.0,2.0,2.0,93.0,6.0,80.0,1.0,1.0,1.0,1.0,0.0,250.0
75406,60657.0,2000.0,1.0,1.0,87.0,2.0,65.0,0.0,1.0,1.0,1.0,0.0,75.0
75453,2125.0,2400.0,4.0,2.0,93.0,9.0,200.0,0.0,1.0,1.0,1.0,2.0,175.0
75457,2116.0,2000.0,2.0,2.5,73.0,5.0,250.0,0.0,1.0,1.0,1.0,2.0,500.0
75750,80219.0,1400.0,3.0,1.0,94.0,6.0,30.0,0.0,1.0,0.0,1.0,2.0,76.0
75770,80205.0,933.0,1.0,1.0,99.0,3.0,40.0,0.0,1.0,0.0,1.0,0.0,100.0
75950,90068.0,0.0,1.0,1.0,92.0,2.0,7.0,1.0,1.0,0.0,1.0,2.0,60.0
76032,90802.0,735.0,1.0,1.0,98.0,4.0,95.0,1.0,1.0,1.0,1.0,0.0,190.0
76173,94618.0,400.0,1.0,1.0,89.0,2.0,25.0,0.0,1.0,0.0,1.0,2.0,51.0
76182,94610.0,950.0,1.0,1.0,99.0,3.0,50.0,0.0,1.0,1.0,1.0,2.0,150.0
76190,94601.0,110.0,1.0,1.0,94.0,3.0,20.0,0.0,1.0,0.0,1.0,2.0,55.0
76252,97218.0,650.0,1.0,1.0,98.0,4.0,55.0,1.0,1.0,0.0,1.0,2.0,130.0
76480,91711.0,1800.0,3.0,2.0,99.0,6.0,90.0,1.0,1.0,0.0,1.0,2.0,325.0
76486,90021.0,1100.0,1.0,1.0,98.0,2.0,75.0,1.0,1.0,0.0,1.0,2.0,225.0
76516,90066.0,0.0,1.0,1.0,98.0,2.0,20.0,1.0,1.0,0.0,1.0,0.0,68.0
76537,90014.0,780.0,0.0,1.0,97.0,4.0,40.0,0.0,1.0,0.0,1.0,0.0,140.0
76611,92014.0,400.0,0.0,1.0,94.0,2.0,35.0,0.0,1.0,1.0,1.0,2.0,125.0
76638,90066.0,400.0,1.0,1.0,94.0,3.0,50.0,1.0,1.0,0.0,1.0,0.0,105.0
76661,90068.0,1600.0,1.0,1.5,90.0,1.0,100.0,1.0,1.0,1.0,1.0,2.0,75.0
76695,90028.0,0.0,1.0,1.0,88.0,3.0,80.0,1.0,1.0,1.0,1.0,2.0,89.0
76751,90026.0,110.0,1.0,1.0,100.0,2.0,20.0,0.0,1.0,0.0,1.0,2.0,42.0
76824,92101.0,3600.0,8.0,5.0,100.0,16.0,460.0,0.0,1.0,1.0,1.0,2.0,825.0
76840,94110.0,450.0,1.0,1.0,97.0,2.0,50.0,1.0,1.0,1.0,1.0,0.0,140.0
76912,94123.0,1200.0,2.0,2.0,100.0,4.0,75.0,1.0,1.0,0.0,1.0,2.0,325.0
77128,98117.0,2750.0,1.0,3.5,95.0,2.0,35.0,0.0,1.0,0.0,1.0,0.0,65.0
77186,94132.0,600.0,1.0,1.0,97.0,2.0,30.0,0.0,1.0,0.0,1.0,0.0,100.0
77233,98121.0,420.0,1.0,1.0,92.0,4.0,96.0,0.0,1.0,1.0,1.0,2.0,100.0
77272,90803.0,700.0,1.0,1.0,98.0,4.0,60.0,1.0,1.0,1.0,1.0,0.0,149.0
77558,20005.0,4000.0,4.0,2.5,93.0,10.0,120.0,0.0,1.0,1.0,1.0,2.0,500.0
77579,20001.0,1000.0,2.0,2.0,87.0,4.0,150.0,0.0,1.0,1.0,1.0,2.0,309.0
77586,20001.0,750.0,1.0,1.0,80.0,2.0,150.0,0.0,1.0,1.0,1.0,2.0,239.0
77717,20009.0,900.0,2.0,1.0,93.0,5.0,70.0,0.0,1.0,1.0,1.0,2.0,400.0
77723,20002.0,400.0,1.0,1.0,93.0,1.0,45.0,0.0,1.0,1.0,1.0,0.0,100.0
77874,97209.0,1000.0,2.0,2.0,91.0,4.0,195.0,0.0,1.0,1.0,1.0,2.0,100.0
77902,97211.0,150.0,1.0,1.0,99.0,1.0,15.0,0.0,1.0,0.0,1.0,2.0,60.0
77908,97219.0,300.0,1.0,1.0,94.0,2.0,55.0,1.0,1.0,1.0,1.0,2.0,120.0
77926,92102.0,0.0,1.0,1.0,89.0,3.0,25.0,0.0,1.0,1.0,1.0,0.0,160.0
77933,92117.0,1500.0,2.0,1.0,99.0,6.0,120.0,0.0,1.0,1.0,1.0,2.0,229.0
78202,98102.0,1200.0,2.0,2.0,90.0,8.0,40.0,0.0,1.0,1.0,1.0,2.0,325.0
78237,94114.0,1200.0,1.0,1.5,93.0,2.0,50.0,0.0,1.0,0.0,1.0,2.0,89.0
78269,94115.0,575.0,1.0,1.0,95.0,2.0,50.0,0.0,1.0,0.0,1.0,2.0,155.0
78349,94131.0,2000.0,2.0,1.5,90.0,4.0,75.0,1.0,1.0,1.0,1.0,0.0,250.0
78446,94110.0,3000.0,1.0,1.0,91.0,6.0,150.0,0.0,1.0,0.0,1.0,2.0,120.0
78476,95033.0,400.0,1.0,1.0,100.0,2.0,35.0,0.0,1.0,1.0,1.0,0.0,145.0
78490,98107.0,485.0,1.0,1.0,98.0,3.0,45.0,0.0,1.0,0.0,1.0,2.0,97.0
78723,94609.0,200.0,1.0,1.0,100.0,2.0,80.0,0.0,1.0,0.0,1.0,2.0,245.0
78736,80211.0,800.0,0.0,1.0,97.0,2.0,75.0,0.0,1.0,1.0,1.0,2.0,149.0
78760,80206.0,2500.0,3.0,2.5,99.0,6.0,175.0,0.0,1.0,1.0,1.0,2.0,195.0
78851,80204.0,700.0,1.0,1.0,96.0,4.0,30.0,0.0,1.0,0.0,1.0,2.0,140.0
78894,60640.0,1350.0,1.0,1.0,98.0,1.0,20.0,0.0,1.0,1.0,1.0,0.0,48.0
78913,60647.0,750.0,2.0,1.0,97.0,4.0,35.0,1.0,1.0,0.0,1.0,0.0,140.0
79048,90008.0,1500.0,2.0,1.0,100.0,4.0,75.0,0.0,1.0,0.0,1.0,2.0,140.0
79059,90004.0,960.0,2.0,2.0,84.0,6.0,85.0,1.0,1.0,1.0,1.0,2.0,120.0
79280,91105.0,2700.0,4.0,3.0,95.0,10.0,295.0,1.0,1.0,1.0,1.0,2.0,539.0
79440,91401.0,400.0,0.0,1.0,94.0,4.0,40.0,1.0,1.0,1.0,1.0,0.0,60.0
79484,90291.0,800.0,2.0,1.0,99.0,6.0,100.0,1.0,1.0,1.0,1.0,2.0,179.0
79513,90291.0,900.0,1.0,1.5,92.0,2.0,80.0,0.0,1.0,0.0,1.0,2.0,225.0
79549,90291.0,0.0,3.0,2.5,80.0,8.0,250.0,1.0,1.0,1.0,1.0,2.0,381.0
79564,91364.0,1000.0,1.0,1.0,98.0,2.0,40.0,1.0,1.0,0.0,1.0,0.0,40.0
79921,70116.0,600.0,1.0,1.0,91.0,2.0,40.0,1.0,1.0,0.0,1.0,0.0,100.0
80013,90403.0,2000.0,4.0,4.0,100.0,9.0,125.0,1.0,1.0,1.0,1.0,0.0,300.0
80104,91316.0,700.0,0.0,1.0,97.0,3.0,75.0,0.0,1.0,1.0,1.0,0.0,95.0
80264,37219.0,1000.0,2.0,2.0,85.0,5.0,103.0,0.0,1.0,1.0,1.0,2.0,136.0
80395,10001.0,1100.0,1.0,1.5,100.0,5.0,150.0,0.0,1.0,1.0,1.0,2.0,390.0
80419,11101.0,400.0,1.0,1.0,93.0,3.0,100.0,0.0,1.0,1.0,1.0,0.0,145.0
80428,10002.0,700.0,1.0,1.0,88.0,4.0,50.0,0.0,1.0,1.0,1.0,2.0,219.0
80535,11218.0,1500.0,4.0,1.5,100.0,5.0,40.0,1.0,1.0,1.0,1.0,0.0,200.0
80649,11109.0,1300.0,2.0,2.0,100.0,4.0,39.0,0.0,1.0,1.0,1.0,0.0,399.0
80805,37029.0,1000.0,2.0,2.0,96.0,6.0,85.0,0.0,1.0,1.0,1.0,2.0,95.0
80928,11238.0,2000.0,3.0,1.5,91.0,5.0,120.0,0.0,1.0,0.0,1.0,2.0,350.0
81112,10009.0,850.0,2.0,1.0,96.0,2.0,100.0,0.0,1.0,0.0,1.0,2.0,295.0
81195,10003.0,600.0,1.0,1.0,92.0,3.0,100.0,0.0,1.0,0.0,1.0,2.0,220.0
81287,11237.0,850.0,2.0,1.0,91.0,4.0,80.0,0.0,1.0,0.0,1.0,2.0,175.0
81726,92101.0,100.0,1.0,1.0,92.0,2.0,50.0,0.0,1.0,1.0,1.0,2.0,75.0
81769,97213.0,900.0,2.0,1.0,96.0,4.0,40.0,1.0,1.0,1.0,1.0,0.0,99.0
81907,92109.0,900.0,2.0,1.0,94.0,6.0,80.0,0.0,1.0,1.0,1.0,2.0,199.0
81932,92105.0,0.0,1.0,1.0,97.0,2.0,25.0,0.0,1.0,0.0,1.0,0.0,39.0
82224,98107.0,800.0,1.0,1.0,97.0,3.0,55.0,0.0,1.0,1.0,1.0,2.0,120.0
82231,98103.0,1600.0,2.0,1.0,95.0,4.0,75.0,0.0,1.0,0.0,1.0,0.0,175.0
82234,98119.0,1200.0,2.0,1.0,97.0,5.0,40.0,0.0,1.0,0.0,1.0,0.0,110.0
82271,94114.0,1400.0,3.0,2.0,97.0,6.0,185.0,1.0,1.0,0.0,1.0,0.0,399.0
82277,94131.0,2300.0,4.0,2.0,97.0,8.0,300.0,1.0,1.0,1.0,1.0,2.0,500.0
82313,95062.0,873.0,2.0,1.0,91.0,4.0,65.0,0.0,1.0,0.0,1.0,0.0,200.0
82549,94612.0,900.0,1.0,1.0,91.0,2.0,50.0,0.0,1.0,0.0,1.0,0.0,120.0
82592,90018.0,450.0,1.0,1.0,100.0,2.0,25.0,0.0,1.0,1.0,1.0,0.0,98.0
82931,90266.0,120.0,1.0,1.0,91.0,2.0,35.0,0.0,1.0,0.0,1.0,2.0,75.0
82934,90046.0,1500.0,3.0,2.0,94.0,6.0,79.0,1.0,1.0,1.0,1.0,2.0,221.0
82935,90046.0,1285.0,2.0,2.0,100.0,4.0,100.0,1.0,1.0,1.0,1.0,2.0,185.0
83045,90039.0,900.0,2.0,1.0,96.0,5.0,130.0,1.0,1.0,0.0,1.0,0.0,100.0
83157,90292.0,1600.0,1.0,1.0,97.0,2.0,25.0,1.0,1.0,0.0,1.0,0.0,120.0
83326,90035.0,2500.0,3.0,3.0,93.0,8.0,150.0,1.0,1.0,1.0,1.0,0.0,340.0
83336,91107.0,650.0,1.0,1.0,91.0,1.0,40.0,0.0,1.0,1.0,1.0,0.0,90.0
83478,91773.0,350.0,1.0,1.0,95.0,2.0,25.0,1.0,1.0,0.0,1.0,0.0,49.0
83506,90035.0,1200.0,3.0,1.0,96.0,4.0,80.0,1.0,1.0,1.0,1.0,2.0,158.0
83755,11206.0,240.0,1.0,1.0,99.0,2.0,50.0,0.0,1.0,0.0,1.0,0.0,60.0
83872,10305.0,3700.0,7.0,5.0,100.0,16.0,275.0,0.0,1.0,1.0,1.0,2.0,625.0
83926,11206.0,650.0,1.0,1.0,95.0,4.0,60.0,0.0,1.0,0.0,1.0,0.0,150.0
83974,10035.0,450.0,1.0,1.0,91.0,2.0,35.0,0.0,1.0,1.0,1.0,0.0,57.0
84071,11217.0,200.0,1.0,1.0,98.0,2.0,15.0,0.0,1.0,0.0,1.0,0.0,115.0
84223,11222.0,800.0,1.0,1.0,93.0,2.0,60.0,0.0,1.0,1.0,1.0,0.0,175.0
84300,10039.0,140.0,1.0,1.0,93.0,3.0,25.0,0.0,1.0,0.0,1.0,2.0,50.0
84347,11106.0,130.0,1.0,2.0,93.0,2.0,20.0,0.0,1.0,0.0,1.0,2.0,58.0
84432,90290.0,3400.0,4.0,3.5,100.0,8.0,135.0,1.0,1.0,1.0,1.0,2.0,585.0
84644,11205.0,0.0,1.0,1.0,100.0,2.0,80.0,0.0,1.0,0.0,1.0,2.0,70.0
84750,10027.0,1000.0,2.0,1.0,93.0,9.0,150.0,1.0,1.0,1.0,1.0,2.0,350.0
84906,10016.0,1200.0,1.0,1.0,99.0,4.0,100.0,0.0,1.0,1.0,1.0,2.0,300.0
84954,10010.0,900.0,1.0,1.0,100.0,2.0,80.0,0.0,1.0,1.0,1.0,2.0,145.0
84960,70116.0,0.0,2.0,1.0,92.0,7.0,75.0,1.0,1.0,1.0,1.0,2.0,150.0
84970,98133.0,250.0,1.0,2.0,99.0,2.0,25.0,0.0,1.0,1.0,1.0,0.0,86.0
84972,98103.0,1200.0,2.0,1.0,92.0,5.0,85.0,0.0,1.0,1.0,1.0,2.0,154.0
85011,20009.0,1200.0,1.0,1.0,88.0,4.0,100.0,0.0,1.0,0.0,1.0,2.0,145.0
85092,20002.0,300.0,2.0,1.5,97.0,7.0,100.0,0.0,1.0,1.0,1.0,0.0,220.0
85289,98102.0,650.0,1.0,1.0,98.0,2.0,50.0,0.0,1.0,1.0,1.0,2.0,115.0
85300,98121.0,710.0,2.0,1.0,91.0,6.0,107.0,0.0,1.0,1.0,1.0,2.0,175.0
85314,98107.0,400.0,1.0,1.0,97.0,2.0,10.0,0.0,1.0,1.0,1.0,0.0,89.0
85328,98119.0,3000.0,4.0,3.0,100.0,9.0,250.0,0.0,1.0,1.0,1.0,2.0,395.0
85413,94102.0,500.0,0.0,1.0,88.0,3.0,60.0,0.0,1.0,1.0,1.0,2.0,177.0
85417,94117.0,1200.0,1.0,1.0,96.0,2.0,7.0,0.0,1.0,1.0,1.0,2.0,95.0
85425,94117.0,840.0,3.0,3.0,95.0,5.0,100.0,1.0,1.0,1.0,1.0,2.0,599.0
85427,94117.0,1200.0,2.0,1.0,100.0,2.0,250.0,1.0,1.0,1.0,1.0,2.0,300.0
85530,94103.0,1200.0,1.0,1.0,100.0,2.0,75.0,0.0,1.0,0.0,1.0,2.0,135.0
85534,94110.0,1200.0,2.0,1.0,97.0,6.0,100.0,0.0,1.0,1.0,1.0,0.0,326.0
85536,94110.0,1100.0,2.0,1.5,94.0,4.0,80.0,1.0,1.0,1.0,1.0,0.0,250.0
85553,95060.0,450.0,1.0,1.0,96.0,2.0,19.0,0.0,1.0,0.0,1.0,0.0,114.0
85558,95018.0,950.0,1.0,1.5,92.0,6.0,80.0,0.0,1.0,1.0,1.0,2.0,138.0
85659,92037.0,3000.0,5.0,4.0,98.0,10.0,350.0,0.0,1.0,1.0,1.0,2.0,900.0
85669,94118.0,0.0,1.0,1.0,97.0,3.0,60.0,0.0,1.0,1.0,1.0,0.0,135.0
85701,97210.0,700.0,1.0,1.0,93.0,3.0,25.0,0.0,1.0,1.0,1.0,0.0,110.0
85734,97217.0,420.0,1.0,0.0,99.0,5.0,50.0,1.0,1.0,0.0,1.0,2.0,61.0
85755,92104.0,1038.0,1.0,1.0,97.0,2.0,75.0,0.0,1.0,1.0,1.0,2.0,165.0
85952,94107.0,280.0,1.0,2.0,96.0,2.0,25.0,0.0,1.0,1.0,1.0,0.0,135.0
85956,94107.0,2250.0,3.0,3.0,99.0,8.0,200.0,0.0,1.0,1.0,1.0,2.0,780.0
86189,90039.0,0.0,1.0,1.0,94.0,2.0,50.0,1.0,1.0,0.0,1.0,2.0,95.0
86357,90068.0,1250.0,2.0,1.0,97.0,4.0,80.0,1.0,1.0,1.0,1.0,0.0,176.0
86360,90068.0,750.0,1.0,1.0,98.0,2.0,50.0,0.0,1.0,1.0,1.0,0.0,115.0
86374,90036.0,2200.0,1.0,1.0,97.0,2.0,50.0,1.0,1.0,1.0,1.0,0.0,100.0
86436,90038.0,700.0,1.0,1.0,96.0,2.0,65.0,0.0,1.0,1.0,1.0,0.0,125.0
86668,90005.0,250.0,1.0,2.0,83.0,3.0,10.0,1.0,1.0,0.0,1.0,0.0,65.0
87005,91604.0,3000.0,4.0,3.5,93.0,12.0,200.0,1.0,1.0,1.0,1.0,2.0,450.0
87045,90291.0,250.0,1.0,1.0,98.0,2.0,65.0,0.0,1.0,0.0,1.0,2.0,160.0
87173,90291.0,1100.0,2.0,2.0,100.0,3.0,150.0,0.0,1.0,1.0,1.0,0.0,275.0
87219,90045.0,250.0,1.0,1.0,95.0,2.0,75.0,1.0,1.0,0.0,1.0,2.0,136.0
87371,11215.0,1200.0,2.0,1.5,92.0,6.0,135.0,0.0,1.0,1.0,1.0,2.0,250.0
87514,70115.0,850.0,1.0,1.0,98.0,2.0,75.0,0.0,1.0,1.0,1.0,2.0,119.0
87536,70115.0,1350.0,3.0,2.5,100.0,8.0,150.0,0.0,1.0,0.0,1.0,2.0,165.0
87724,11217.0,700.0,1.0,1.0,99.0,1.0,85.0,0.0,1.0,1.0,1.0,2.0,102.0
87745,11226.0,130.0,1.0,2.0,96.0,2.0,60.0,0.0,1.0,0.0,1.0,2.0,46.0
87840,11372.0,150.0,1.0,1.0,88.0,2.0,30.0,0.0,1.0,0.0,1.0,0.0,79.0
87930,11222.0,155.0,1.0,2.0,97.0,2.0,50.0,0.0,1.0,0.0,1.0,2.0,70.0
88004,11230.0,900.0,2.0,1.0,90.0,7.0,35.0,0.0,1.0,0.0,1.0,2.0,130.0
88037,10037.0,450.0,1.0,1.0,89.0,2.0,80.0,0.0,0.0,1.0,1.0,0.0,100.0
88170,10002.0,300.0,1.0,1.0,90.0,2.0,35.0,0.0,1.0,0.0,1.0,2.0,100.0
88199,10002.0,800.0,0.0,1.0,93.0,2.0,120.0,0.0,1.0,0.0,1.0,2.0,400.0
88319,37216.0,270.0,1.0,1.0,99.0,3.0,20.0,0.0,1.0,0.0,1.0,0.0,99.0
88335,37210.0,350.0,1.0,1.0,91.0,2.0,25.0,0.0,1.0,1.0,1.0,0.0,79.0
88430,11205.0,1800.0,1.0,1.0,100.0,3.0,50.0,0.0,1.0,0.0,1.0,2.0,120.0
88485,20007.0,1000.0,2.0,1.0,93.0,5.0,80.0,1.0,1.0,1.0,1.0,2.0,349.0
88603,98102.0,650.0,1.0,1.0,96.0,4.0,87.0,0.0,1.0,1.0,1.0,2.0,119.0
88611,98102.0,650.0,2.0,1.0,97.0,4.0,100.0,0.0,1.0,1.0,1.0,2.0,199.0
88619,98122.0,1300.0,1.0,2.0,96.0,4.0,80.0,0.0,1.0,1.0,1.0,0.0,159.0
88890,92107.0,2500.0,4.0,3.0,84.0,16.0,200.0,0.0,1.0,0.0,1.0,2.0,299.0
89013,94110.0,1.0,2.0,2.0,100.0,4.0,300.0,0.0,1.0,1.0,1.0,2.0,950.0
89015,94110.0,2600.0,4.0,2.0,98.0,8.0,250.0,0.0,1.0,0.0,1.0,2.0,780.0
89063,92109.0,500.0,1.0,1.0,87.0,4.0,150.0,0.0,1.0,1.0,1.0,2.0,175.0
89176,94122.0,1.0,2.0,1.0,96.0,4.0,125.0,0.0,1.0,1.0,1.0,2.0,177.0
89315,94114.0,120.0,1.0,1.0,95.0,2.0,25.0,0.0,1.0,0.0,1.0,0.0,90.0
89329,94131.0,3.0,4.0,3.5,100.0,8.0,200.0,0.0,1.0,1.0,1.0,2.0,500.0
89330,94131.0,1050.0,1.0,1.0,100.0,1.0,20.0,1.0,1.0,1.0,1.0,2.0,75.0
89404,94117.0,1.0,2.0,1.5,94.0,6.0,150.0,0.0,1.0,1.0,1.0,2.0,300.0
89530,98101.0,0.0,2.0,2.0,94.0,6.0,99.0,0.0,1.0,1.0,1.0,2.0,142.0
89537,98117.0,2.0,1.0,3.5,97.0,2.0,35.0,0.0,1.0,0.0,1.0,0.0,65.0
89593,94618.0,750.0,1.0,1.0,93.0,4.0,70.0,0.0,1.0,1.0,1.0,2.0,129.0
89670,97211.0,160.0,0.0,1.0,98.0,2.0,25.0,1.0,1.0,0.0,1.0,0.0,95.0
89702,97202.0,350.0,1.0,1.0,99.0,2.0,35.0,1.0,1.0,0.0,1.0,0.0,70.0
89735,98118.0,550.0,0.0,1.0,94.0,2.0,25.0,0.0,1.0,0.0,1.0,0.0,80.0
89739,98118.0,435.0,1.0,1.5,96.0,2.0,50.0,0.0,1.0,1.0,1.0,2.0,92.0
89748,98105.0,2.0,3.0,1.0,100.0,5.0,150.0,0.0,1.0,1.0,1.0,0.0,189.0
89758,98102.0,1200.0,1.0,1.0,94.0,2.0,20.0,0.0,1.0,1.0,1.0,2.0,150.0
89766,20008.0,970.0,2.0,1.0,92.0,6.0,75.0,0.0,1.0,0.0,1.0,2.0,94.0
89959,98109.0,1000.0,0.0,1.0,97.0,3.0,50.0,0.0,1.0,0.0,1.0,2.0,90.0
90054,92109.0,450.0,0.0,1.0,95.0,2.0,90.0,0.0,1.0,1.0,1.0,2.0,60.0
90128,92109.0,1800.0,3.0,2.0,98.0,6.0,150.0,0.0,1.0,1.0,1.0,2.0,299.0
90198,94110.0,175.0,1.0,1.0,96.0,2.0,50.0,0.0,1.0,1.0,1.0,0.0,109.0
90271,94117.0,650.0,1.0,1.0,92.0,4.0,125.0,0.0,1.0,1.0,1.0,2.0,190.0
90297,94109.0,1000.0,2.0,1.0,95.0,5.0,125.0,0.0,1.0,1.0,1.0,2.0,375.0
90359,98122.0,900.0,2.0,1.0,95.0,5.0,150.0,0.0,1.0,0.0,1.0,2.0,225.0
90420,94133.0,1200.0,1.0,1.0,99.0,2.0,85.0,0.0,1.0,1.0,1.0,0.0,230.0
90701,94605.0,2100.0,4.0,3.0,91.0,10.0,110.0,0.0,1.0,0.0,1.0,2.0,167.0
90825,20002.0,1400.0,2.0,1.0,88.0,8.0,55.0,1.0,1.0,0.0,1.0,0.0,140.0
90886,97217.0,450.0,1.0,1.0,94.0,3.0,20.0,0.0,1.0,0.0,1.0,0.0,65.0
90887,97217.0,1200.0,2.0,1.0,92.0,5.0,65.0,1.0,1.0,0.0,1.0,0.0,100.0
91001,97206.0,440.0,1.0,1.0,90.0,4.0,55.0,1.0,1.0,0.0,1.0,2.0,98.0
91127,92109.0,1000.0,1.0,1.0,96.0,3.0,75.0,0.0,1.0,1.0,1.0,0.0,200.0
91183,92102.0,1300.0,1.0,1.0,96.0,4.0,70.0,0.0,1.0,1.0,1.0,2.0,140.0
91231,92106.0,1500.0,3.0,2.0,95.0,8.0,175.0,0.0,1.0,1.0,1.0,2.0,230.0
91278,94133.0,600.0,1.0,1.0,97.0,2.0,50.0,0.0,1.0,1.0,1.0,0.0,150.0
91279,94122.0,780.0,0.0,1.0,98.0,2.0,50.0,0.0,1.0,1.0,1.0,2.0,155.0
91326,94102.0,490.0,0.0,1.0,93.0,3.0,100.0,0.0,1.0,1.0,1.0,2.0,175.0
91337,94102.0,750.0,1.0,1.5,97.0,4.0,80.0,0.0,1.0,1.0,1.0,2.0,168.0
91596,95062.0,2500.0,4.0,2.5,97.0,13.0,200.0,0.0,1.0,1.0,1.0,2.0,485.0
91681,94607.0,0.0,2.0,1.5,92.0,4.0,65.0,0.0,1.0,1.0,1.0,2.0,160.0
91876,94127.0,1996.0,3.0,2.0,97.0,6.0,175.0,1.0,1.0,0.0,1.0,0.0,300.0
92046,94114.0,1800.0,2.0,2.0,94.0,6.0,125.0,0.0,1.0,1.0,1.0,2.0,350.0
92086,94107.0,280.0,1.0,2.0,96.0,2.0,25.0,0.0,1.0,0.0,1.0,0.0,118.0
92093,94114.0,500.0,0.0,1.0,97.0,2.0,59.0,1.0,1.0,0.0,1.0,2.0,135.0
92153,94117.0,1300.0,2.0,1.0,96.0,4.0,100.0,0.0,1.0,1.0,1.0,2.0,199.0
92362,94134.0,1200.0,4.0,2.0,92.0,9.0,145.0,1.0,1.0,1.0,1.0,2.0,345.0
92554,20001.0,950.0,2.0,1.0,86.0,2.0,120.0,0.0,1.0,1.0,1.0,0.0,149.0
92710,98118.0,0.0,3.0,1.0,97.0,6.0,25.0,0.0,1.0,1.0,1.0,2.0,115.0
92810,20002.0,0.0,1.0,1.0,97.0,3.0,50.0,0.0,1.0,1.0,1.0,0.0,115.0
93140,97223.0,2200.0,5.0,3.0,95.0,12.0,175.0,1.0,1.0,1.0,1.0,2.0,350.0
93191,92116.0,900.0,2.0,1.0,96.0,5.0,85.0,0.0,1.0,1.0,1.0,2.0,129.0
93241,92104.0,250.0,1.0,0.0,98.0,2.0,30.0,0.0,1.0,0.0,1.0,0.0,65.0
93254,92107.0,650.0,1.0,1.0,95.0,4.0,100.0,0.0,1.0,0.0,1.0,2.0,135.0
93273,94123.0,810.0,1.0,1.0,97.0,2.0,120.0,0.0,1.0,1.0,1.0,2.0,185.0
93343,94121.0,2300.0,4.0,1.5,94.0,7.0,150.0,1.0,1.0,1.0,1.0,2.0,450.0
93427,92107.0,375.0,1.0,1.0,90.0,2.0,25.0,0.0,1.0,1.0,1.0,2.0,45.0
93572,94114.0,800.0,1.0,1.0,100.0,2.0,125.0,0.0,1.0,1.0,1.0,0.0,500.0
93695,98101.0,1150.0,2.0,2.0,88.0,6.0,99.0,0.0,1.0,1.0,1.0,2.0,137.0
93761,98103.0,2000.0,1.0,1.5,96.0,2.0,20.0,0.0,1.0,1.0,1.0,0.0,40.0
93785,94606.0,1400.0,1.0,1.0,83.0,1.0,65.0,0.0,1.0,1.0,1.0,2.0,70.0
93865,98112.0,750.0,1.0,1.0,93.0,2.0,10.0,0.0,1.0,1.0,1.0,2.0,120.0
93920,98136.0,1200.0,2.0,1.0,100.0,4.0,95.0,0.0,1.0,1.0,1.0,2.0,165.0
93922,98116.0,800.0,2.0,1.0,100.0,4.0,100.0,0.0,1.0,1.0,1.0,2.0,165.0
93991,92111.0,2200.0,1.0,1.0,97.0,4.0,65.0,0.0,1.0,0.0,1.0,2.0,89.0
94044,94103.0,2200.0,2.0,2.0,98.0,4.0,150.0,0.0,1.0,0.0,1.0,2.0,595.0
94115,94133.0,1300.0,3.0,1.5,94.0,6.0,125.0,0.0,1.0,1.0,1.0,2.0,369.0
94317,98144.0,1.0,3.0,2.5,100.0,6.0,100.0,0.0,1.0,1.0,1.0,2.0,250.0
94490,94114.0,2100.0,4.0,2.0,100.0,8.0,200.0,0.0,1.0,1.0,1.0,2.0,499.0
94540,94131.0,700.0,0.0,1.0,97.0,4.0,90.0,0.0,1.0,1.0,1.0,2.0,225.0
94585,98103.0,1100.0,2.0,1.0,100.0,4.0,80.0,0.0,1.0,1.0,1.0,0.0,99.0
94701,20024.0,600.0,1.0,1.0,96.0,4.0,90.0,1.0,1.0,1.0,1.0,2.0,160.0
94752,20001.0,450.0,2.0,2.5,95.0,4.0,60.0,1.0,1.0,0.0,1.0,2.0,200.0
94849,20002.0,1350.0,2.0,1.0,99.0,4.0,90.0,0.0,1.0,0.0,1.0,0.0,150.0
94958,97214.0,121.0,1.0,1.0,98.0,2.0,20.0,1.0,1.0,0.0,1.0,0.0,48.0
95100,94611.0,500.0,1.0,1.0,98.0,2.0,25.0,0.0,1.0,1.0,1.0,0.0,125.0
95275,92109.0,2000.0,3.0,2.0,93.0,7.0,200.0,0.0,1.0,1.0,1.0,2.0,285.0
95323,94110.0,1000.0,2.0,1.0,96.0,5.0,100.0,0.0,1.0,1.0,1.0,0.0,225.0
95493,94117.0,2100.0,3.0,1.5,97.0,6.0,150.0,1.0,1.0,1.0,1.0,0.0,600.0
95559,98126.0,800.0,1.0,1.0,90.0,4.0,75.0,0.0,1.0,0.0,1.0,0.0,60.0
95624,97212.0,0.0,0.0,1.0,98.0,2.0,40.0,0.0,1.0,0.0,1.0,0.0,120.0
95899,98102.0,0.0,2.0,1.0,99.0,3.0,90.0,0.0,1.0,1.0,1.0,2.0,195.0
96066,20009.0,0.0,2.0,1.0,88.0,4.0,30.0,0.0,1.0,0.0,1.0,0.0,172.0
96260,20012.0,1200.0,1.0,2.5,80.0,2.0,50.0,1.0,1.0,1.0,1.0,0.0,135.0
96528,97211.0,1440.0,4.0,2.0,98.0,8.0,100.0,1.0,1.0,1.0,1.0,2.0,285.0
96621,92104.0,400.0,0.0,1.0,97.0,2.0,28.0,0.0,1.0,1.0,1.0,0.0,94.0
96622,92103.0,1200.0,2.0,2.0,100.0,6.0,49.0,0.0,1.0,0.0,1.0,2.0,199.0
96628,92104.0,840.0,2.0,2.0,84.0,4.0,25.0,0.0,1.0,1.0,1.0,2.0,199.0
96681,92101.0,1776.0,3.0,2.5,90.0,8.0,150.0,0.0,1.0,1.0,1.0,2.0,425.0
96812,92109.0,714.0,2.0,1.0,96.0,5.0,85.0,0.0,1.0,1.0,1.0,2.0,175.0
96867,94114.0,800.0,1.0,1.0,100.0,2.0,95.0,0.0,1.0,1.0,1.0,2.0,180.0
96882,94112.0,500.0,0.0,1.0,95.0,4.0,85.0,0.0,1.0,1.0,1.0,2.0,140.0
96982,94124.0,1000.0,2.0,1.0,87.0,5.0,110.0,0.0,1.0,0.0,1.0,2.0,215.0
96998,941071273.0,300.0,0.0,1.0,86.0,3.0,75.0,0.0,1.0,0.0,1.0,2.0,155.0
97069,94121.0,650.0,1.0,1.0,89.0,4.0,50.0,0.0,1.0,1.0,1.0,2.0,120.0
97109,98109.0,1800.0,3.0,2.5,98.0,6.0,100.0,0.0,1.0,1.0,1.0,0.0,250.0
97214,94103.0,1050.0,2.0,2.0,100.0,5.0,90.0,1.0,1.0,0.0,1.0,2.0,300.0
97245,94110.0,140.0,1.0,1.5,100.0,1.0,50.0,0.0,1.0,0.0,1.0,0.0,80.0
97265,98109.0,1200.0,1.0,1.0,96.0,2.0,40.0,0.0,1.0,1.0,1.0,2.0,220.0
97386,94122.0,1660.0,3.0,2.0,93.0,5.0,100.0,0.0,1.0,1.0,1.0,2.0,300.0
97392,94115.0,2.0,3.0,1.5,95.0,8.0,150.0,0.0,1.0,1.0,1.0,2.0,425.0
97441,92109.0,2500.0,1.0,2.5,100.0,10.0,250.0,0.0,1.0,1.0,1.0,2.0,695.0
97533,94131.0,950.0,1.0,1.0,90.0,2.0,205.0,0.0,1.0,1.0,1.0,2.0,99.0
97655,94107.0,1700.0,1.0,1.5,96.0,3.0,45.0,0.0,1.0,0.0,1.0,0.0,140.0
97712,94117.0,1100.0,2.0,1.0,91.0,4.0,100.0,0.0,1.0,0.0,1.0,2.0,325.0
97738,95062.0,180.0,1.0,1.0,95.0,2.0,50.0,0.0,1.0,0.0,1.0,0.0,99.0
97777,98107.0,450.0,0.0,1.0,99.0,4.0,40.0,0.0,1.0,0.0,1.0,0.0,95.0
97783,98103.0,1000.0,2.0,1.0,90.0,6.0,50.0,0.0,1.0,0.0,1.0,2.0,175.0
97943,20009.0,150.0,1.0,1.0,87.0,2.0,85.0,0.0,1.0,1.0,1.0,2.0,68.0
98097,20003.0,675.0,1.0,1.0,98.0,3.0,65.0,0.0,1.0,1.0,1.0,2.0,159.0
98429,20009.0,1350.0,2.0,2.0,95.0,4.0,125.0,0.0,1.0,1.0,1.0,2.0,250.0
98658,92116.0,1600.0,3.0,2.0,94.0,8.0,75.0,0.0,1.0,0.0,1.0,2.0,300.0
98708,92109.0,1400.0,2.0,2.0,95.0,6.0,60.0,0.0,1.0,1.0,1.0,0.0,995.0
98722,92113.0,516.0,1.0,1.0,93.0,2.0,60.0,0.0,1.0,0.0,1.0,0.0,83.0
98727,92119.0,12.0,1.0,1.0,96.0,1.0,25.0,0.0,1.0,1.0,1.0,0.0,38.0
98732,92101.0,850.0,2.0,2.0,94.0,4.0,100.0,0.0,1.0,1.0,1.0,0.0,135.0
98789,92101.0,775.0,1.0,1.0,93.0,2.0,25.0,0.0,1.0,0.0,1.0,0.0,120.0
98803,92014.0,2250.0,3.0,3.0,94.0,8.0,200.0,0.0,1.0,1.0,1.0,2.0,350.0
98821,94110.0,450.0,1.0,1.0,95.0,2.0,48.0,0.0,1.0,0.0,1.0,2.0,126.0
98825,94110.0,500.0,1.0,1.0,95.0,1.0,75.0,0.0,1.0,1.0,1.0,2.0,99.0
98899,94118.0,500.0,1.0,1.0,97.0,4.0,80.0,0.0,1.0,1.0,1.0,0.0,110.0
98903,94123.0,900.0,1.0,1.0,96.0,2.0,125.0,0.0,1.0,1.0,1.0,0.0,200.0
98958,94114.0,360.0,1.0,1.0,88.0,3.0,80.0,0.0,1.0,1.0,1.0,2.0,115.0
98987,94110.0,360.0,1.0,1.0,100.0,2.0,50.0,0.0,1.0,1.0,1.0,0.0,90.0
99006,94115.0,300.0,0.0,1.0,96.0,2.0,80.0,0.0,1.0,0.0,1.0,0.0,133.0
99030,94131.0,2000.0,1.0,1.5,96.0,2.0,100.0,0.0,1.0,1.0,1.0,0.0,275.0
99161,98109.0,300.0,1.0,1.0,90.0,1.0,15.0,0.0,1.0,0.0,1.0,0.0,85.0
99181,98116.0,1400.0,2.0,2.0,96.0,8.0,60.0,0.0,1.0,1.0,1.0,2.0,240.0
99353,94609.0,140.0,1.0,1.0,93.0,2.0,50.0,0.0,1.0,1.0,1.0,0.0,65.0
99392,94607.0,1200.0,1.0,1.0,100.0,2.0,125.0,0.0,1.0,1.0,1.0,2.0,137.0
99474,97212.0,1400.0,3.0,1.5,98.0,6.0,95.0,1.0,1.0,1.0,1.0,2.0,165.0
99566,92037.0,1500.0,1.0,1.0,95.0,3.0,40.0,0.0,1.0,1.0,1.0,2.0,169.0
99681,78751.0,600.0,1.0,1.0,97.0,2.0,60.0,1.0,1.0,1.0,1.0,2.0,119.0
99710,78736.0,175.0,1.0,1.0,99.0,2.0,20.0,1.0,1.0,0.0,1.0,0.0,59.0
99735,78722.0,160.0,0.0,1.0,97.0,2.0,15.0,1.0,1.0,1.0,1.0,2.0,85.0
99783,78731.0,1600.0,3.0,2.0,94.0,6.0,80.0,1.0,1.0,1.0,1.0,2.0,490.0
99926,78701.0,815.0,2.0,2.0,97.0,6.0,50.0,1.0,1.0,1.0,1.0,2.0,205.0
99965,78702.0,688.0,2.0,1.0,97.0,5.0,50.0,1.0,1.0,1.0,1.0,2.0,105.0
100015,78704.0,1300.0,2.0,2.0,97.0,6.0,70.0,1.0,1.0,1.0,1.0,2.0,300.0
100065,2210.0,0.0,1.0,1.0,100.0,2.0,50.0,0.0,1.0,0.0,1.0,2.0,149.0
100085,2135.0,675.0,1.0,1.0,100.0,2.0,100.0,0.0,1.0,0.0,1.0,0.0,184.0
100103,2125.0,1200.0,2.0,1.0,93.0,4.0,150.0,0.0,1.0,1.0,1.0,2.0,125.0
100454,60605.0,650.0,1.0,1.0,98.0,2.0,80.0,0.0,1.0,0.0,1.0,0.0,160.0
100489,94610.0,1400.0,3.0,1.5,100.0,4.0,25.0,0.0,1.0,0.0,1.0,0.0,160.0
100752,94122.0,1250.0,1.0,1.0,78.0,4.0,115.0,0.0,1.0,1.0,1.0,2.0,155.0
100837,92115.0,1.0,1.0,1.0,99.0,2.0,60.0,0.0,1.0,1.0,1.0,2.0,150.0
100929,92101.0,0.0,1.0,2.0,97.0,2.0,160.0,0.0,1.0,0.0,1.0,2.0,125.0
101057,92109.0,200.0,1.0,1.0,96.0,2.0,20.0,0.0,1.0,1.0,1.0,2.0,70.0
101110,94102.0,1100.0,1.0,2.0,100.0,2.0,150.0,1.0,1.0,1.0,1.0,2.0,249.0
101170,94114.0,600.0,3.0,2.0,94.0,9.0,169.0,1.0,1.0,0.0,1.0,0.0,333.0
101176,94114.0,1200.0,3.0,1.0,95.0,4.0,150.0,0.0,1.0,1.0,1.0,2.0,325.0
101209,94114.0,1200.0,2.0,1.0,93.0,5.0,35.0,0.0,1.0,1.0,1.0,2.0,275.0
101394,97214.0,2500.0,4.0,2.0,98.0,11.0,150.0,0.0,1.0,1.0,1.0,2.0,300.0
101473,20002.0,1500.0,2.0,1.0,94.0,8.0,75.0,1.0,1.0,1.0,1.0,0.0,140.0
101762,20010.0,600.0,1.0,1.0,92.0,4.0,40.0,1.0,1.0,1.0,1.0,0.0,107.0
101909,20020.0,0.0,2.0,1.0,95.0,5.0,60.0,1.0,1.0,0.0,1.0,0.0,99.0
101971,94611.0,3200.0,4.0,4.0,94.0,8.0,100.0,0.0,1.0,0.0,1.0,0.0,330.0
101999,94609.0,550.0,1.0,1.0,98.0,4.0,70.0,0.0,1.0,0.0,1.0,2.0,130.0
102143,92109.0,600.0,0.0,1.0,89.0,3.0,70.0,0.0,1.0,0.0,1.0,2.0,90.0
102167,94114.0,1800.0,3.0,2.5,98.0,6.0,150.0,0.0,1.0,1.0,1.0,2.0,400.0
102169,94114.0,600.0,0.0,1.0,93.0,3.0,80.0,0.0,1.0,1.0,1.0,2.0,195.0
102197,94103.0,800.0,1.0,1.0,94.0,2.0,50.0,0.0,1.0,0.0,1.0,2.0,160.0
102214,94118.0,3000.0,1.0,1.0,96.0,2.0,35.0,1.0,1.0,1.0,1.0,2.0,125.0
102279,92107.0,2770.0,4.0,4.0,80.0,10.0,300.0,0.0,1.0,1.0,1.0,2.0,750.0
102297,94107.0,1000.0,1.0,2.0,89.0,2.0,85.0,1.0,1.0,1.0,1.0,2.0,211.0
102301,94107.0,600.0,2.0,1.0,93.0,4.0,25.0,0.0,1.0,1.0,1.0,0.0,280.0
102342,94109.0,1000.0,1.0,1.0,99.0,2.0,80.0,0.0,1.0,1.0,1.0,2.0,156.0
102386,94103.0,1100.0,2.0,1.0,95.0,3.0,75.0,0.0,1.0,1.0,1.0,2.0,189.0
102396,94110.0,1500.0,2.0,1.5,97.0,6.0,90.0,0.0,0.0,0.0,1.0,2.0,245.0
102431,92104.0,1850.0,3.0,2.0,95.0,8.0,60.0,0.0,1.0,0.0,1.0,2.0,199.0
102594,98109.0,500.0,1.0,1.0,97.0,4.0,50.0,0.0,1.0,1.0,1.0,2.0,110.0
102610,98122.0,3.0,4.0,3.0,80.0,8.0,100.0,0.0,1.0,1.0,1.0,2.0,195.0
102726,97211.0,800.0,2.0,1.0,94.0,4.0,50.0,1.0,1.0,1.0,1.0,0.0,100.0
102754,97227.0,1.0,2.0,1.0,96.0,8.0,125.0,1.0,1.0,0.0,1.0,2.0,145.0
102837,98102.0,2600.0,6.0,2.0,97.0,16.0,300.0,0.0,1.0,0.0,1.0,2.0,673.0
102894,20009.0,1800.0,3.0,2.5,97.0,6.0,120.0,1.0,1.0,0.0,1.0,2.0,390.0
103052,94601.0,500.0,0.0,1.0,100.0,2.0,20.0,0.0,1.0,0.0,1.0,0.0,95.0
103084,94601.0,900.0,1.0,1.0,95.0,4.0,50.0,0.0,1.0,0.0,1.0,0.0,150.0
103144,97202.0,575.0,0.0,1.0,94.0,2.0,30.0,0.0,1.0,0.0,1.0,0.0,110.0
103154,97206.0,1000.0,2.0,1.0,96.0,5.0,50.0,1.0,1.0,1.0,1.0,2.0,128.0
103332,92109.0,1401.0,3.0,3.0,100.0,10.0,200.0,0.0,1.0,1.0,1.0,2.0,400.0
103382,94118.0,450.0,1.0,1.0,94.0,2.0,100.0,0.0,1.0,1.0,1.0,2.0,140.0
103472,94110.0,0.0,1.0,1.0,98.0,2.0,30.0,0.0,1.0,0.0,1.0,0.0,110.0
103514,94103.0,1500.0,1.0,1.0,96.0,15.0,100.0,0.0,1.0,0.0,1.0,2.0,975.0
103590,97212.0,128.0,1.0,1.0,97.0,2.0,25.0,0.0,1.0,1.0,1.0,0.0,75.0
103613,97212.0,925.0,2.0,1.0,97.0,4.0,35.0,0.0,1.0,1.0,1.0,0.0,99.0
103621,97217.0,550.0,0.0,1.0,97.0,4.0,45.0,1.0,1.0,0.0,1.0,0.0,79.0
103701,94102.0,1200.0,1.0,1.0,100.0,2.0,80.0,0.0,1.0,0.0,1.0,0.0,200.0
103702,94104.0,3000.0,3.0,2.5,100.0,8.0,80.0,1.0,1.0,1.0,1.0,0.0,500.0
103736,94110.0,890.0,2.0,1.0,98.0,5.0,90.0,0.0,1.0,0.0,1.0,2.0,212.0
103745,94110.0,140.0,1.0,1.5,98.0,2.0,20.0,0.0,1.0,0.0,1.0,0.0,90.0
103841,95003.0,4000.0,1.0,2.5,95.0,10.0,65.0,0.0,1.0,0.0,1.0,0.0,95.0
103859,98199.0,250.0,1.0,1.0,100.0,2.0,50.0,0.0,1.0,1.0,1.0,2.0,75.0
103861,98101.0,500.0,1.0,1.0,96.0,2.0,75.0,0.0,1.0,1.0,1.0,2.0,120.0
103863,98101.0,1150.0,2.0,2.0,96.0,6.0,99.0,0.0,1.0,1.0,1.0,2.0,165.0
104015,98115.0,450.0,0.0,1.0,98.0,2.0,60.0,0.0,1.0,1.0,1.0,0.0,80.0
104039,94608.0,1300.0,2.0,2.0,88.0,2.0,200.0,0.0,1.0,1.0,1.0,0.0,150.0
104061,94611.0,120.0,1.0,1.0,87.0,2.0,75.0,0.0,1.0,1.0,1.0,2.0,75.0
104089,94609.0,0.0,2.0,1.0,91.0,4.0,75.0,0.0,1.0,0.0,1.0,2.0,179.0
104151,92107.0,1500.0,3.0,2.0,95.0,6.0,100.0,0.0,1.0,1.0,1.0,2.0,235.0
104393,94117.0,1400.0,2.0,1.0,100.0,5.0,125.0,1.0,1.0,1.0,1.0,0.0,500.0
104603,98103.0,1200.0,2.0,1.0,99.0,4.0,60.0,0.0,1.0,0.0,1.0,0.0,150.0
104623,98122.0,1800.0,3.0,3.5,96.0,6.0,195.0,0.0,1.0,1.0,1.0,2.0,295.0
104722,98108.0,170.0,1.0,3.0,93.0,2.0,10.0,0.0,1.0,0.0,1.0,0.0,70.0
104876,98102.0,900.0,2.0,1.0,84.0,7.0,40.0,0.0,1.0,0.0,1.0,0.0,129.0
104932,97212.0,550.0,1.0,1.0,98.0,3.0,25.0,0.0,1.0,1.0,1.0,0.0,69.0
105138,20037.0,575.0,0.0,1.0,86.0,2.0,150.0,0.0,1.0,1.0,1.0,2.0,155.0
105192,94611.0,2500.0,3.0,3.0,100.0,6.0,120.0,0.0,1.0,1.0,1.0,0.0,245.0
105219,94618.0,1300.0,2.0,1.0,97.0,8.0,95.0,0.0,1.0,0.0,1.0,2.0,269.0
105344,94103.0,1000.0,1.0,1.0,100.0,3.0,100.0,1.0,1.0,1.0,1.0,2.0,324.0
105537,92014.0,4000.0,5.0,3.0,100.0,8.0,250.0,0.0,1.0,1.0,1.0,2.0,800.0
105548,92108.0,667.0,1.0,1.0,97.0,5.0,20.0,0.0,1.0,0.0,1.0,0.0,109.0
105562,92110.0,1200.0,2.0,2.0,100.0,4.0,120.0,0.0,1.0,1.0,1.0,2.0,179.0
105661,92128.0,32292.0,1.0,1.0,100.0,2.0,30.0,0.0,1.0,0.0,1.0,0.0,148.0
105679,92139.0,0.0,3.0,2.5,84.0,6.0,50.0,0.0,1.0,1.0,1.0,0.0,275.0
105683,94103.0,401.0,1.0,1.0,91.0,3.0,60.0,0.0,1.0,1.0,1.0,2.0,198.0
105702,94118.0,3000.0,1.0,1.0,87.0,4.0,30.0,1.0,1.0,1.0,1.0,0.0,350.0
105709,94123.0,400.0,1.0,1.0,85.0,2.0,75.0,0.0,1.0,1.0,1.0,2.0,165.0
105710,94124.0,800.0,2.0,1.0,93.0,4.0,150.0,0.0,1.0,0.0,1.0,2.0,120.0
105729,95065.0,2400.0,3.0,2.5,97.0,7.0,125.0,0.0,1.0,1.0,1.0,2.0,450.0
105886,97202.0,650.0,1.0,1.0,97.0,4.0,30.0,1.0,1.0,0.0,1.0,0.0,100.0
105888,97206.0,1000.0,2.0,1.0,97.0,3.0,100.0,1.0,1.0,1.0,1.0,0.0,70.0
105910,98102.0,0.0,0.0,1.0,90.0,2.0,25.0,0.0,1.0,0.0,1.0,0.0,115.0
105947,98125.0,250.0,1.0,1.0,76.0,2.0,20.0,0.0,1.0,1.0,1.0,0.0,54.0
105959,98117.0,500.0,1.0,1.0,98.0,2.0,50.0,0.0,1.0,1.0,1.0,0.0,95.0
105966,97217.0,900.0,2.0,1.0,100.0,4.0,110.0,1.0,1.0,0.0,1.0,0.0,115.0
106075,94605.0,2.0,2.0,1.5,91.0,5.0,125.0,0.0,1.0,0.0,1.0,2.0,175.0
106348,78704.0,2000.0,2.0,2.0,98.0,4.0,100.0,1.0,1.0,0.0,1.0,2.0,470.0
106422,78702.0,1400.0,6.0,3.0,99.0,15.0,200.0,0.0,1.0,0.0,1.0,2.0,600.0
106505,78722.0,1850.0,3.0,1.5,100.0,4.0,70.0,0.0,1.0,1.0,1.0,0.0,350.0
106525,78703.0,2200.0,1.0,2.5,100.0,2.0,100.0,1.0,1.0,0.0,1.0,2.0,150.0
106700,2127.0,800.0,1.0,1.0,98.0,3.0,25.0,0.0,1.0,1.0,1.0,0.0,88.0
106711,60640.0,2400.0,3.0,1.5,95.0,6.0,100.0,1.0,1.0,1.0,1.0,2.0,225.0
106776,60611.0,900.0,1.0,1.0,95.0,4.0,95.0,0.0,1.0,1.0,1.0,2.0,175.0
107057,20007.0,250.0,1.0,1.0,94.0,2.0,25.0,1.0,1.0,0.0,1.0,2.0,75.0
107106,20009.0,670.0,1.0,1.0,100.0,4.0,85.0,0.0,1.0,1.0,1.0,2.0,149.0
107173,92103.0,968.0,2.0,1.0,99.0,4.0,75.0,0.0,1.0,1.0,1.0,0.0,174.0
107218,94123.0,800.0,1.0,1.0,98.0,2.0,150.0,0.0,1.0,1.0,1.0,0.0,290.0
107222,94110.0,170.0,1.0,1.0,100.0,1.0,75.0,1.0,1.0,0.0,1.0,0.0,130.0
107230,94110.0,160.0,1.0,1.0,95.0,3.0,55.0,0.0,1.0,0.0,1.0,0.0,160.0
107340,92109.0,1000.0,2.0,2.0,80.0,7.0,199.0,0.0,1.0,1.0,1.0,2.0,299.0
107610,94114.0,210.0,1.0,1.0,100.0,2.0,20.0,1.0,1.0,0.0,1.0,2.0,110.0
107706,98116.0,600.0,1.0,1.0,96.0,4.0,35.0,0.0,1.0,0.0,1.0,0.0,135.0
107943,97221.0,1000.0,1.0,1.0,92.0,4.0,75.0,1.0,1.0,1.0,1.0,2.0,99.0
108027,90210.0,1750.0,2.0,2.0,89.0,6.0,100.0,1.0,1.0,0.0,1.0,2.0,199.0
108067,90026.0,1700.0,3.0,2.0,93.0,10.0,125.0,1.0,1.0,1.0,1.0,2.0,325.0
108136,2118.0,750.0,1.0,1.0,93.0,2.0,80.0,0.0,1.0,1.0,1.0,2.0,225.0
108196,2115.0,800.0,1.0,1.0,98.0,1.0,25.0,0.0,1.0,0.0,1.0,0.0,79.0
108352,90004.0,0.0,1.0,1.0,91.0,3.0,15.0,0.0,1.0,0.0,1.0,0.0,115.0
108363,90027.0,1400.0,1.0,2.0,100.0,4.0,100.0,0.0,1.0,0.0,1.0,0.0,160.0
108471,90403.0,600.0,1.0,1.0,100.0,2.0,75.0,1.0,1.0,0.0,1.0,0.0,145.0
108492,91411.0,2300.0,3.0,2.0,60.0,7.0,125.0,1.0,1.0,1.0,1.0,2.0,285.0
108534,91405.0,420.0,1.0,2.0,89.0,2.0,10.0,1.0,1.0,1.0,1.0,0.0,40.0
108782,90292.0,800.0,1.0,1.0,94.0,4.0,49.0,0.0,1.0,0.0,1.0,2.0,118.0
108840,90292.0,460.0,0.0,1.0,94.0,1.0,160.0,1.0,1.0,1.0,1.0,2.0,95.0
108842,90291.0,600.0,1.0,1.0,94.0,2.0,100.0,1.0,1.0,1.0,1.0,2.0,150.0
108874,91403.0,500.0,1.0,1.0,99.0,3.0,40.0,0.0,1.0,1.0,1.0,2.0,90.0
108996,90048.0,210.0,1.0,1.0,98.0,1.0,50.0,1.0,1.0,1.0,1.0,0.0,67.0
109101,90232.0,130.0,1.0,1.0,99.0,2.0,20.0,1.0,1.0,0.0,1.0,2.0,89.0
109192,90046.0,168.0,1.0,1.0,96.0,1.0,60.0,0.0,1.0,0.0,1.0,2.0,42.0
109376,70125.0,240.0,1.0,1.0,95.0,2.0,30.0,1.0,1.0,0.0,1.0,0.0,75.0
109387,70117.0,0.0,1.0,1.0,99.0,6.0,85.0,1.0,1.0,1.0,1.0,2.0,125.0
109715,78737.0,250.0,1.0,1.5,99.0,2.0,30.0,1.0,1.0,0.0,1.0,0.0,89.0
109799,78748.0,230.0,1.0,1.0,98.0,2.0,25.0,1.0,1.0,0.0,1.0,2.0,75.0
109897,78741.0,1100.0,2.0,1.0,93.0,10.0,25.0,1.0,1.0,0.0,1.0,2.0,150.0
109970,78704.0,300.0,1.0,1.0,96.0,2.0,50.0,1.0,1.0,1.0,1.0,0.0,175.0
110143,60622.0,2700.0,4.0,3.0,99.0,8.0,140.0,0.0,1.0,0.0,1.0,2.0,300.0
110466,90010.0,120.0,1.0,2.0,86.0,2.0,10.0,0.0,1.0,0.0,1.0,0.0,45.0
110564,90808.0,600.0,1.0,1.0,93.0,3.0,75.0,1.0,1.0,1.0,1.0,2.0,99.0
110630,90031.0,1200.0,3.0,2.0,93.0,6.0,100.0,1.0,1.0,0.0,1.0,0.0,233.0
110699,90039.0,1500.0,2.0,1.5,95.0,5.0,120.0,1.0,1.0,0.0,1.0,2.0,135.0
111198,90006.0,1300.0,2.0,1.0,85.0,4.0,60.0,1.0,1.0,0.0,1.0,2.0,118.0
111218,90211.0,1100.0,2.0,1.0,98.0,4.0,250.0,1.0,1.0,1.0,1.0,2.0,285.0
111359,90272.0,0.0,3.0,3.0,95.0,7.0,150.0,1.0,1.0,1.0,1.0,0.0,450.0
111366,90034.0,0.0,1.0,1.0,100.0,1.0,40.0,0.0,1.0,1.0,1.0,2.0,77.0
111430,90265.0,480.0,1.0,1.0,99.0,3.0,50.0,1.0,1.0,0.0,1.0,0.0,250.0
111534,90291.0,900.0,1.0,1.5,98.0,1.0,50.0,0.0,1.0,0.0,1.0,0.0,62.0
111560,70119.0,750.0,1.0,1.0,91.0,5.0,40.0,0.0,1.0,0.0,1.0,0.0,109.0
111561,70116.0,1100.0,4.0,3.0,89.0,10.0,100.0,1.0,1.0,0.0,1.0,2.0,300.0
111580,11217.0,15.0,1.0,1.5,100.0,2.0,100.0,0.0,1.0,0.0,1.0,2.0,95.0
111633,10003.0,1000.0,1.0,1.0,98.0,3.0,150.0,0.0,1.0,0.0,1.0,2.0,299.0
111654,10027.0,450.0,1.0,1.0,92.0,2.0,45.0,0.0,1.0,0.0,1.0,2.0,115.0
111665,11222.0,400.0,1.0,1.0,94.0,2.0,50.0,0.0,1.0,0.0,1.0,2.0,75.0
111819,10022.0,300.0,0.0,1.0,89.0,2.0,50.0,0.0,1.0,1.0,1.0,2.0,165.0
111935,11238.0,1600.0,2.0,1.5,93.0,4.0,120.0,0.0,1.0,0.0,1.0,0.0,249.0
112004,10002.0,700.0,1.0,1.0,87.0,4.0,68.0,0.0,1.0,1.0,1.0,2.0,225.0
112044,70119.0,3000.0,3.0,2.0,96.0,8.0,100.0,0.0,1.0,0.0,1.0,2.0,300.0
112155,37219.0,1000.0,2.0,2.0,92.0,5.0,103.0,0.0,1.0,1.0,1.0,2.0,128.0
112162,37208.0,650.0,1.0,1.0,96.0,2.0,10.0,0.0,1.0,0.0,1.0,0.0,109.0
112220,70119.0,1600.0,3.0,1.0,98.0,6.0,100.0,1.0,1.0,1.0,1.0,2.0,247.0
112324,37203.0,850.0,1.0,1.0,97.0,2.0,100.0,0.0,1.0,1.0,1.0,0.0,95.0
112449,10029.0,0.0,1.0,1.0,89.0,3.0,60.0,0.0,1.0,0.0,1.0,2.0,119.0
112454,10029.0,500.0,1.0,1.0,92.0,3.0,25.0,0.0,1.0,0.0,1.0,2.0,47.0
112762,11201.0,500.0,0.0,1.0,91.0,3.0,80.0,1.0,1.0,0.0,1.0,0.0,160.0
112804,78751.0,0.0,1.0,1.5,88.0,3.0,50.0,1.0,1.0,0.0,1.0,0.0,100.0
112851,210802111.0,1200.0,3.0,1.0,92.0,8.0,120.0,0.0,1.0,1.0,1.0,2.0,334.0
112902,2135.0,2.0,5.0,1.5,93.0,11.0,100.0,0.0,1.0,1.0,1.0,2.0,400.0
112935,60646.0,2200.0,3.0,1.5,97.0,7.0,125.0,1.0,1.0,1.0,1.0,2.0,225.0
112984,60622.0,1300.0,3.0,1.0,88.0,10.0,35.0,1.0,1.0,1.0,1.0,2.0,119.0
113002,60612.0,1500.0,2.0,1.0,91.0,3.0,75.0,1.0,1.0,1.0,1.0,2.0,65.0
113024,60644.0,1400.0,3.0,1.0,83.0,7.0,45.0,1.0,1.0,0.0,1.0,2.0,139.0
113079,78746.0,762.0,1.0,1.0,97.0,4.0,50.0,1.0,1.0,0.0,1.0,0.0,150.0
113170,78741.0,1600.0,3.0,2.5,98.0,10.0,125.0,1.0,1.0,1.0,1.0,2.0,235.0
113222,78704.0,800.0,2.0,1.0,97.0,4.0,60.0,1.0,1.0,1.0,1.0,0.0,120.0
113284,78704.0,500.0,0.0,1.0,98.0,5.0,60.0,0.0,1.0,1.0,1.0,2.0,130.0
113299,78704.0,265.0,1.0,1.0,97.0,6.0,24.0,1.0,1.0,0.0,1.0,2.0,99.0
113303,78704.0,900.0,2.0,1.0,93.0,6.0,65.0,1.0,1.0,0.0,1.0,0.0,150.0
113317,78704.0,1600.0,2.0,2.5,89.0,6.0,75.0,1.0,1.0,1.0,1.0,0.0,525.0
113367,78703.0,1500.0,2.0,2.0,100.0,6.0,99.0,1.0,1.0,0.0,1.0,2.0,248.0
113513,90038.0,1000.0,2.0,1.0,100.0,5.0,100.0,1.0,1.0,1.0,1.0,2.0,99.0
113793,90036.0,900.0,1.0,1.0,96.0,1.0,75.0,1.0,1.0,1.0,1.0,0.0,49.0
113826,90212.0,950.0,1.0,1.0,98.0,6.0,55.0,1.0,1.0,0.0,1.0,0.0,160.0
113886,91607.0,1800.0,3.0,2.0,100.0,5.0,100.0,1.0,1.0,1.0,1.0,2.0,285.0
114004,90016.0,3400.0,1.0,1.0,95.0,4.0,45.0,1.0,1.0,1.0,1.0,0.0,97.0
114072,90019.0,600.0,2.0,2.0,98.0,4.0,125.0,1.0,1.0,0.0,1.0,2.0,290.0
114138,80206.0,0.0,1.0,1.0,98.0,2.0,50.0,0.0,1.0,1.0,1.0,2.0,125.0
114222,80230.0,1312.0,2.0,2.5,89.0,4.0,100.0,0.0,1.0,0.0,1.0,2.0,115.0
114253,90405.0,1300.0,2.0,2.0,97.0,4.0,175.0,0.0,1.0,1.0,1.0,0.0,399.0
114254,90405.0,450.0,1.0,1.0,86.0,2.0,60.0,0.0,1.0,1.0,1.0,2.0,130.0
114335,91106.0,1100.0,2.0,1.0,97.0,5.0,75.0,1.0,1.0,0.0,1.0,0.0,195.0
114368,90291.0,400.0,1.0,1.0,93.0,2.0,90.0,0.0,1.0,1.0,1.0,2.0,148.0
114610,91364.0,2000.0,3.0,2.0,100.0,4.0,75.0,1.0,1.0,0.0,1.0,2.0,75.0
114658,11216.0,1200.0,1.0,1.0,100.0,2.0,80.0,0.0,1.0,0.0,1.0,2.0,280.0
114881,10027.0,900.0,1.0,1.5,98.0,2.0,50.0,0.0,1.0,1.0,1.0,2.0,55.0
114941,11217.0,800.0,1.0,1.0,100.0,2.0,100.0,0.0,1.0,1.0,1.0,0.0,142.0
115048,11355.0,0.0,1.0,1.0,92.0,1.0,25.0,1.0,1.0,1.0,1.0,0.0,55.0
115053,11217.0,900.0,0.0,1.0,97.0,4.0,100.0,0.0,1.0,1.0,1.0,2.0,350.0
115173,11205.0,0.0,4.0,2.0,98.0,12.0,200.0,1.0,1.0,1.0,1.0,2.0,899.0
115496,37219.0,900.0,1.0,1.0,90.0,4.0,103.0,0.0,1.0,1.0,1.0,2.0,112.0
115504,37201.0,650.0,1.0,1.0,91.0,5.0,20.0,0.0,1.0,0.0,1.0,2.0,159.0
115753,10017.0,900.0,1.0,1.0,96.0,2.0,40.0,0.0,1.0,0.0,1.0,2.0,135.0
115772,70116.0,500.0,1.0,1.0,97.0,2.0,40.0,1.0,1.0,0.0,1.0,2.0,100.0
116091,78702.0,400.0,0.0,1.0,92.0,4.0,65.0,0.0,1.0,0.0,1.0,2.0,99.0
116202,78704.0,950.0,2.0,1.0,99.0,5.0,85.0,1.0,1.0,1.0,1.0,2.0,199.0
116445,78723.0,1250.0,3.0,2.5,98.0,8.0,80.0,1.0,1.0,0.0,1.0,0.0,215.0
116577,90025.0,550.0,0.0,1.0,81.0,3.0,149.0,1.0,1.0,0.0,1.0,2.0,89.0
116594,90020.0,110.0,1.0,1.0,99.0,2.0,10.0,1.0,1.0,0.0,1.0,0.0,50.0
116686,90039.0,0.0,1.0,1.0,100.0,3.0,12.0,0.0,1.0,0.0,1.0,0.0,49.0
116887,70116.0,1000.0,3.0,3.0,95.0,7.0,200.0,1.0,1.0,1.0,1.0,0.0,468.0
116916,70118.0,850.0,2.0,1.0,96.0,8.0,75.0,1.0,1.0,1.0,1.0,2.0,129.0
116921,70118.0,150.0,1.0,1.0,96.0,2.0,20.0,0.0,1.0,0.0,1.0,2.0,35.0
116971,70118.0,398.0,1.0,1.0,99.0,4.0,35.0,1.0,1.0,0.0,1.0,0.0,40.0
117201,90272.0,1200.0,2.0,1.0,96.0,5.0,200.0,1.0,1.0,1.0,1.0,2.0,249.0
117430,90291.0,900.0,2.0,2.0,89.0,6.0,150.0,1.0,1.0,1.0,1.0,2.0,300.0
117467,90025.0,1200.0,1.0,1.0,97.0,1.0,25.0,0.0,1.0,1.0,1.0,0.0,80.0
117502,91401.0,400.0,0.0,1.0,97.0,2.0,80.0,1.0,1.0,1.0,1.0,2.0,95.0
117523,91604.0,800.0,1.0,1.0,98.0,3.0,75.0,1.0,1.0,1.0,1.0,2.0,120.0
117545,90026.0,550.0,1.0,1.0,97.0,3.0,60.0,1.0,1.0,1.0,1.0,0.0,115.0
117560,90291.0,2850.0,2.0,2.5,97.0,5.0,250.0,1.0,1.0,1.0,1.0,2.0,610.0
117614,90057.0,990.0,1.0,1.0,97.0,2.0,60.0,1.0,1.0,0.0,1.0,2.0,84.0
117822,100038623.0,1000.0,2.0,1.0,96.0,4.0,95.0,0.0,1.0,1.0,1.0,2.0,215.0
117916,10012.0,650.0,1.0,1.0,97.0,4.0,40.0,0.0,1.0,1.0,1.0,0.0,175.0
117948,11218.0,1800.0,3.0,3.0,95.0,10.0,175.0,0.0,1.0,0.0,1.0,0.0,260.0
118012,11221.0,900.0,3.0,3.0,98.0,6.0,100.0,1.0,1.0,1.0,1.0,0.0,265.0
118182,90026.0,725.0,2.0,1.0,100.0,4.0,65.0,1.0,1.0,0.0,1.0,2.0,130.0
118285,90046.0,550.0,1.0,1.0,97.0,2.0,83.0,1.0,1.0,1.0,1.0,2.0,199.0
118312,91776.0,0.0,1.0,1.0,88.0,2.0,30.0,1.0,1.0,1.0,1.0,0.0,32.0
118578,10011.0,600.0,1.0,1.0,95.0,2.0,50.0,0.0,1.0,0.0,1.0,2.0,385.0
118618,11226.0,3600.0,1.0,2.0,98.0,2.0,25.0,0.0,1.0,0.0,1.0,2.0,81.0
118648,10009.0,200.0,1.0,1.0,97.0,2.0,50.0,0.0,1.0,0.0,1.0,0.0,135.0
118745,10002.0,800.0,1.0,1.0,98.0,2.0,100.0,0.0,1.0,0.0,1.0,2.0,249.0
118849,10013.0,250.0,0.0,1.0,96.0,2.0,25.0,0.0,1.0,0.0,1.0,0.0,98.0
118883,10002.0,800.0,2.0,1.0,97.0,7.0,150.0,0.0,1.0,0.0,1.0,0.0,250.0
118892,10002.0,0.0,1.0,1.0,90.0,3.0,45.0,0.0,1.0,0.0,1.0,0.0,155.0
118982,78701.0,650.0,1.0,1.0,94.0,5.0,40.0,0.0,1.0,0.0,1.0,2.0,159.0
118989,78701.0,1500.0,1.0,2.5,98.0,2.0,85.0,1.0,1.0,0.0,1.0,2.0,129.0
119052,78702.0,1260.0,3.0,2.0,70.0,5.0,165.0,1.0,1.0,0.0,1.0,2.0,800.0
119064,78702.0,1200.0,3.0,2.0,98.0,6.0,100.0,1.0,1.0,1.0,1.0,2.0,230.0
119077,78703.0,550.0,1.0,1.0,99.0,3.0,60.0,1.0,1.0,0.0,1.0,2.0,135.0
119082,78704.0,1500.0,2.0,2.0,77.0,6.0,200.0,1.0,1.0,1.0,1.0,2.0,600.0
119734,60618.0,0.0,1.0,1.0,96.0,2.0,25.0,1.0,1.0,0.0,1.0,0.0,95.0
119770,60608.0,120.0,1.0,1.0,99.0,1.0,35.0,1.0,1.0,0.0,1.0,0.0,67.0
119776,78704.0,400.0,1.0,1.0,98.0,3.0,50.0,1.0,1.0,1.0,1.0,2.0,135.0
120145,80207.0,2000.0,3.0,1.5,93.0,6.0,125.0,0.0,1.0,0.0,1.0,2.0,200.0
120190,78741.0,1300.0,3.0,2.0,89.0,6.0,35.0,1.0,1.0,1.0,1.0,2.0,400.0
120201,78741.0,1850.0,3.0,2.5,80.0,7.0,100.0,1.0,1.0,1.0,1.0,2.0,275.0
120258,78704.0,1810.0,3.0,2.0,93.0,6.0,180.0,1.0,1.0,1.0,1.0,0.0,499.0
120281,78704.0,2100.0,4.0,3.0,99.0,8.0,150.0,1.0,1.0,1.0,1.0,2.0,800.0
120466,78701.0,1094.0,2.0,1.5,100.0,6.0,100.0,0.0,1.0,1.0,1.0,2.0,899.0
120500,78722.0,600.0,1.0,1.0,98.0,2.0,69.0,1.0,1.0,0.0,1.0,2.0,79.0
120781,78704.0,1532.0,2.0,2.5,100.0,4.0,125.0,1.0,1.0,0.0,1.0,2.0,260.0
